codigoitem,itemcubso,unidad_medida,n_adjudicaciones
1399,BARRA REDONDA LISA DE ACERO DE 1 in X 6 m,Unidad,7
1414,MALLA DE ALAMBRE CUADRADA TEJIDA DE ACERO GALVANIZADO DE 1 in X 1 in X 3/32 in X 1.00 m,Unidad,9
1710,AGITADOR MAGNETICO CON CALENTADOR DIGITAL,Unidad,5
1717,ARADO DE 0.80 m 1 CUERPO 3 DISCOS,Unidad,10
1731,MOTOGUADAÑA DE 2.5 HP,Unidad,30
1740,SEPARADOR DE GRANOS,Unidad,10
2037,BALDOSA PARA FALSO CIELORASO ACUSTICA DE YESO-CARTON RECUBIERTA CON VINIL DE 7.5 mm X 61 cm X 122 cm,M2,5
2447,ALIMENTO BALANCEADO CRECIMIENTO I PARA CERDOS,Kilogramo,5
2453,ALIMENTO BALANCEADO CRECIMIENTO I PARA PECES,Kilogramo,11
2526,ACEITE VEGETAL COMESTIBLE,Litro,119
2675,TRIGO PELADO,Kilogramo,121
2688,MORON ENTERO,Kilogramo,57
2692,KIWICHA,Kilogramo,9
2693,HOJUELA PRECOCIDA DE AVENA,Kilogramo,94
2700,MAIZ BLANCO,Kilogramo,21
2703,MORON PARTIDO,Kilogramo,52
2705,HOJUELA DE AVENA CON MACA,Kilogramo,39
2716,TARWI,Kilogramo,7
2730,TRIGO ENTERO,Kilogramo,59
2739,HOJUELA DE AVENA CON KIWICHA,Kilogramo,151
2776,HOJUELA DE CEBADA,Kilogramo,5
2778,HOJUELA DE CEREAL Y/O LEGUMINOSAS ENRIQUECIDO,Kilogramo,162
2780,HOJUELA SOLO DE KIWICHA,Kilogramo,10
2782,HOJUELA SOLO DE QUINUA,Kilogramo,11
2794,HOJUELA DE TRIGO ENRIQUECIDA,Kilogramo,7
2814,ARROZ TIPO ARBORIO,Kilogramo,17
2841,HARINA DE TRIGO,Kilogramo,31
2859,HARINA DE KIWICHA,Kilogramo,6
2907,HARINA DE SIETE SEMILLAS,Kilogramo,33
2931,AZUCAR BLANCA,Kilogramo,6
3170,AGUA DE MESA SIN GAS X 20 L APROX.,Unidad,69
3240,CHARQUI,Kilogramo,17
3286,POTA,Kilogramo,5
3409,JUREL EN GRATED EN AGUA Y SAL,Unidad,9
3425,CONSERVA DE FILETE DE ATUN EN ACEITE VEGETAL  ENVASE DE LATA X 170 g,Unidad,28
3428,CONSERVA DE FILETE DE CABALLA EN ACEITE VEGETAL CALIDAD EXTRA ENVASE DE LATA X 170 g,Unidad,28
3679,HOJUELAS DE MAIZ,Kilogramo,23
3862,LECHE CONDENSADA X 400 g APROX.,Unidad,7
3873,LECHE EN POLVO ENTERA  X 400 g,Unidad,9
3930,QUESO FRESCO DE VACA,Kilogramo,5
4089,PAN FRANCES,Unidad,17
4120,PANETON,Unidad,60
4164,SUPLEMENTO NUTRICIONAL ADULTO,Unidad,10
4166,SUPLEMENTO NUTRICIONAL PARA PACIENTE DIABETICO,Unidad,5
4233,ALIMENTO FORTIFICADO ENERGETICO,Unidad,15
4274,MEZCLA FORTIFICADA DE HARINA DE CEREALES Y LEGUMINOSAS,Kilogramo,115
4412,GELATINA,Unidad,5
4597,CHUÑO NEGRO,Kilogramo,17
4600,PAPA SECA,Kilogramo,11
4693,LENTEJA BEBE,Kilogramo,14
5508,DETERGENTE GRANULADO DOMESTICO,Unidad,15
5535,DETERGENTE GRANULADO INDUSTRIAL,Unidad,6
5546,DETERGENTE EN POLVO INDUSTRIAL,Unidad,7
6896,PAÑAL DESCARTABLE TIPO CALZON PARA ADULTO TALLA M,Unidad,7
6960,PAÑAL DESCARTABLE TIPO CALZON PARA ADULTO TALLA G,Unidad,9
8629,SOFTWARE (INC. LICENCIA) PARA ADMINISTRACION DE EQUIPAMIENTO INFORMATICO,Unidad,5
8635,SOFTWARE (INC. LICENCIA) PARA MONITOREO DE RED,Unidad,5
8695,SOFTWARE (INC. LICENCIA) ANTIVIRUS PARA ESTACION DE TRABAJO,Unidad,8
8696,SOFTWARE (INC. LICENCIA) ANTIVIRUS PARA SERVIDOR,Unidad,5
8759,SOFTWARE (INC. LICENCIA) PARA BASE DE DATOS,Unidad,23
8810,SOFTWARE (INC. LICENCIA) DE CONTROL DE CONTENIDO WEB,Unidad,6
8945,SOFTWARE (INC. LICENCIA) PARA ADMINISTRACION DE BASE DE DATOS,Unidad,21
8955,SOFTWARE (INC. LICENCIA) PARA BACKUP Y PROTECCION DE DATOS,Unidad,14
8979,SOFTWARE (INC. LICENCIA) ANTISPAM,Unidad,9
9127,SOFTWARE (INC. LICENCIA) PARA OFIMATICA,Unidad,16
9149,SOFTWARE (INC. LICENCIA) PARA GESTION DE DOCUMENTOS,Unidad,10
9228,SOFTWARE (INC. LICENCIA) PARA CORREO ELECTRONICO,Unidad,6
9978,TENSOR METALICO DE MALLA GANADERA,Unidad,15
11396,MOLINO DE GRANOS PARA USO DOMESTICO,Unidad,10
11858,CANASTA DE PLASTICO,Unidad,8
11989,GASOLINA DE 84 OCTANOS,Galon,136
11990,GASOLINA DE 90 OCTANOS,Galon,64
11996,TURBO COMBUSTIBLE A-1,Galon,6
12006,PETROLEO DIESEL Nº 2 CON ADITIVO,Galon,8
12025,GAS LICUADO DE PETROLEO EN BALON DE 45 kg,Unidad,85
12090,ACEITE DE MOTOR SAE 10,Unidad,9
12186,ACEITE DE MOTOR SAE 2T,Unidad,6
12207,ACEITE LUBRICANTE MULTIUSO,Unidad,30
12771,CEMENTO PORTLAND TIPO I X 42.50 kg,Unidad,1388
12778,LADRILLO DE ARCILLA KING KONG DE 15 cm  X 20 cm  X 40 cm,Unidad,6
12779,LADRILLO DE ARCILLA KING KONG DE 10 cm X 20 cm X 40 cm,Unidad,10
12788,LADRILLO DE ARCILLA KING KONG DE 9 cm X 14 cm X 24 cm,Unidad,20
12795,PIEDRA DE 4 in,M3,7
12797,PIEDRA ZARANDEADA DE 3/4 in,M3,57
12799,PIEDRA ZARANDEADA DE 1/2 in,M3,65
12841,ADITIVO IMPERMEABILIZANTE PARA CONCRETO,Unidad,7
12876,ADITIVO ACELERANTE DE FRAGUA DE CONCRETO,Unidad,6
12888,ARCILLA ROJA,M3,5
12951,ASFALTO LIQUIDO CUT-BACK GRADO MC-30,Galon,91
12953,CEMENTO PORTLAND PUZOLANICO TIPO IP X 42.50 kg,Unidad,1942
12958,CEMENTO PORTLAND COMPUESTO TIPO ICo X 42.50 kg,Unidad,28
12960,ASFALTO LIQUIDO CUT-BACK GRADO RC-250,Galon,70
12967,TAPA CON MARCO DE DESAGUE CIRCULAR DE FIERRO FUNDIDO DE 60 cm,Unidad,9
12976,ADOQUIN DE CONCRETO VEHICULAR LIGERO DE 20 cm x 10 cm x 8 cm,Unidad,52
12977,ADOQUIN DE CONCRETO PEATONAL DE 20 cm x 10 cm x 4 cm,M2,11
13030,BLOQUE DE GRASS DE CONCRETO DE 9 cm X 35 cm X 35 cm,M2,9
13264,MADERA TORNILLO DE 1 1/2 in X 1 1/2 in X 10 ft,Pie 2,11
13517,LEÑA SECA DE EUCALIPTO,M3,5
13606,POSTE DE MADERA EUCALIPTO DE 4 in X 10 ft,Unidad,7
13609,POSTE DE MADERA EUCALIPTO DE 3 in X 10 ft,Unidad,5
14499,PORCELANATO PARA PISO EXTERIOR DE 60 cm X 60 cm TRANSITO ALTO,Unidad,17
14686,CARRITO DE JUGUETE DE PLASTICO DE TRACCION,Unidad,8
14687,CARRITO DE JUGUETE DE PLASTICO CON PLATAFORMA,Unidad,7
14764,CAMION DE JUGUETE DE PLASTICO,Unidad,7
14915,PELOTA DE CUERO PARA FUTBOL Nº 5,Unidad,5
15050,HIDROLAVADORA INDUSTRIAL DE ALTA PRESION DE 590 L/H,Unidad,10
17157,"INTERRUPTOR DE RECIERRE AUTOMATICO (RECLOSER) CON SISTEMA DE CONTROL ELECTRICO TRIPOLAR 27 KV, 150 KV",Unidad,7
20559,CAMPANA EXTRACTORA ELECTRICA,Unidad,5
20563,COCINA DOMESTICA A GAS DE 2 HORNILLAS SIN HORNO,Unidad,5
20633,MAQUINA INDUSTRIAL PELADORA DE ALIMENTOS,Unidad,8
20634,MAQUINA INDUSTRIAL PICADORA DE ALIMENTOS,Unidad,11
20677,CAMPANA EXTRACTORA DE METAL,Unidad,11
20746,MALLA DE ACERO INOXIDABLE TIPO MOSQUITERO DE 1.20 m DE ANCHO,Unidad,10
20973,AGUA  POTABLE,M3,16
20974,AGUA NO POTABLE,M3,8
21003,AGUA ULTRAPURA LIBRE DE NUCLEASAS,Unidad,6
21411,CLORURO DE POTASIO P.A.,Unidad,10
21531,FLUORURO DE SODIO Q.P.,Unidad,10
21722,ORTOFTALDEHIDO 0.99 %,Unidad,15
21909,SULFATO DE COBRE PENTAHIDRATADO,Kilogramo,28
21943,SUSTRATO DE FOSFATASA P-NITROFENIL FOSFATO,Unidad,5
22506,PEROXIDO DE HIDROGENO 50%,Unidad,6
22632,HORMONA GONADOTROPINA CORIONICA (HCG),Unidad,6
23834,TRIGLICERIDOS ENZIMATICO,Unidad,20
23997,TIRA REACTIVA PARA ORINA DE 11 PARAMETROS,Unidad,16
24005,UREA CINETICA AUTOMATIZADA,Unidad,6
24012,TIRA REACTIVA PARA DETERMINACION GLUCOSA EN SANGRE,Unidad,43
24064,CAL HIDRATADA,Kilogramo,11
24213,ALCOHOL ETILICO (ETANOL) RECTIFICADO 96º,Unidad,5
24225,ALCOHOL ETILICO (ETANOL) 70  X 1 L SOLUCION TOPICA,Unidad,5
24332,CLORO GAS LICUADO,Kilogramo,31
24338,OXIGENO,M3,81
24514,DOSAJE DE TIEMPO DE PROTROMBINA,Unidad,7
24703,NITROGENO LIQUIDO,Unidad,7
24771,SULFATO DE POTASIO,Unidad,5
24773,SULFATO DE ALUMINIO TIPO A,Kilogramo,67
24777,HIPOCLORITO DE CALCIO AL 70%,Unidad,6
24862,HIPOCLORITO DE CALCIO 65%.,Kilogramo,34
24951,SULFATO FERRICO SOLIDO,Kilogramo,5
24952,CLORURO FERRICO 40%,Kilogramo,6
24955,POLICLORURO DE ALUMINIO LIQUIDO,Kilogramo,36
24975,CLORO LIQUIDO,Kilogramo,46
27141,MARCADOR DE PESO MOLECULAR EN GELES DE POLIACRILAMIDA PARA CUANTIFICACION DE ADN 1KB,Unidad,8
27204,MARCADOR  DE PESO MOLECULAR PARA CUANTIFICACION DE ADN,Unidad,9
27229,ESTANDAR BIOLOGICO RUBELLA VACCINE (LIVE) X 1 mL,Unidad,11
27534,ENZIMA TRANSCRIPTASA REVERSA/TAQ ADN POLIMERASA EN UN PASO,Unidad,13
27709,PANEL DE REACTIVOS BIOLOGICOS NO INFECCIOSOS,Unidad,14
27716,PRUEBA RAPIDA VIH (AG-AC) ELISA,Unidad,12
27830,PROTEINA C REACTIVA (PCR),Unidad,7
28181,HEPATITIS B ANTICUERPO ANTICORE  IgM,Unidad,6
28445,PRUEBA RAPIDA PARA HEPATITIS B METODO ANTIGENO DE SUPERFICIE,Unidad,8
28547,PRUEBA RAPIDA PARA DETECTAR SANGRE OCULTA EN HECES METODO INMUNOQUIMICO,Unidad,5
28686,PRUEBA RAPIDA PARA VIRUS INFLUENZA METODO ENZIMOINMUNOENSAYO,Unidad,5
31310,ANTICUERPO MONOCLONAL PARA PAPILOMA VIRUS HUMANO (HPV),Unidad,6
31791,ESCULTURA DE FIBRA DE VIDRIO,Unidad,7
32016,VARILLA DE ACERO FLEXIBLE DE UNION ROSCADA PARA DESATORO DE DESAGUE DE 5/16 in X 39 in,Unidad,5
32021,PALA TIPO CUCHARA DE METAL CON MANGO DE MADERA,Unidad,6
32722,CUCHARON PARA EXCAVADORA HIDRAULICA,Unidad,5
33038,EQUIPO UPS DE 10 KVA,Unidad,8
33045,EQUIPO UPS DE 20 KVA,Unidad,8
33141,TARJETA DE NAVIDAD,Unidad,6
36460,FORMATO DE RECIBO DE SERVICIOS,Millar,8
37559,FORMATO DE CONTROL DE CONSUMO DE ALIMENTOS,Unidad,6
38464,FLUOR GEL ACIDULADO 1.23%,Unidad,30
38487,IONOMERO DE VIDRIO FOTOCURABLE POLVO-LIQUIDO DE 5 g/2.5 mL PARA RESTAURACION,Unidad,5
38513,PASTA DENTRIFICA MEDICADA,Unidad,9
38774,RESINA COMPUESTA TIPO FOTOCURABLE CON ACIDO GRABADOR Y 4 COMPONENTES USO ODONTOLOGICO,Unidad,7
38784,RESINA FOTOCURABLE KIT (AC. GRABADOR + COMPONENTE) 5 JERINGAS/4 g,Unidad,30
39235,TARJETA ELECTRONICA DE CONTROL PARA EQUIPO DE RAYOS X,Unidad,7
39547,TUBO CORRUGADO DESCARTABLE DE 107 cm PARA EQUIPO DE ANESTESIA,Unidad,6
39807,PLACA NEUTRA SILICONADA DESCARTABLE PARA ELECTROBISTURI X 13 mm DE 24 cm APROX.USO ADULTO,Unidad,10
39809,LAPIZ ELECTROCAUTERIO MONOPOLAR DESCARTABLE PARA CIRUGIA X 13 mm DE 24 cm APROX.,Unidad,9
40213,FILTRO DE FIBRA DE VIDRIO DE 22 mm X 15 mm PARA HUMIDIFICACION PASIVA ANTIVIRUS ANTIBACTERIAL,Unidad,7
40537,ESTETOSCOPIO CLINICO BIAURICULAR COMPLETO ADULTO,Unidad,11
40552,ESTETOSCOPIO CLINICO PEDIATRICO,Unidad,5
42965,CLAMP VASCULAR DE TITANIO TIPO SATINSKY 20.5 cm X 8 in PARA OCLUSION TANGENCIAL,Unidad,7
44346,TROCAR DE PVC SIN BALON ADULTO X 5 mm DE 5 mm APROX. PARA CIRUGIA LAPAROSCOPICA,Unidad,5
44436,MANDIL DE TELA NO TEJIDA DE POLIPROPILENO DESCARTABLE NO ESTERIL DE 40 g/m2 TALLA M PARA USO DE PERSONAL DE SALUD,Unidad,32
44437,MANDIL DE TELA NO TEJIDA DE POLIPROPILENO DESCARTABLE NO ESTERIL DE 40 g/m2 TALLA S PARA USO DE PERSONAL DE SALUD,Unidad,5
44445,MANDIL DE TELA NO TEJIDA DE POLIPROPILENO DESCARTABLE NO ESTERIL DE 40 g/m2 TALLA XXL PARA USO DE PERSONAL DE SALUD,Unidad,6
44552,BOTA DE TELA NO TEJIDA DESCARTABLE CUBRE CALZADO TALLA L PARA CIRUJANO,Unidad,5
44576,MANDIL DE TELA NO TEJIDA DE POLIPROPILENO DESCARTABLE NO ESTERIL DE 40 g/m2 TALLA L PARA USO DE PERSONAL DE SALUD,Unidad,17
44609,CHAQUETA DE TELA NO TEJIDA DE POLIPROPILENO DESCARTABLE NO ESTERIL DE 45 g/m2 TALLA L PARA USO HOSPITALARIO,Unidad,10
44814,AGUJA HIPODERMICA DESCARTABLE Nº 20 g X 1 1/2 in DE USO MEDICO,Unidad,5
44822,AGUJA HIPODERMICA DESCARTABLE Nº 18 g X 1 1/2 in DE USO MEDICO,Unidad,5
44891,AGUJA ESPINAL DESCARTABLE Nº 27 g X 3 1/2 in DE USO MEDICO,Unidad,12
45028,ALGODON ABSORBENTE NO ESTERIL DE 500 g PARA USO MEDICINAL,Unidad,12
45124,BAJALENGUA DE MADERA PEDIATRICA,Unidad,7
45130,BAJALENGUA DE MADERA ADULTO,Unidad,6
45154,BOLSA COLECTORA PARA CONTROL DE DIURESIS X 2 L,Unidad,7
45167,BOLSA COLECTORA DE PVC X 450 mL DOBLE PARA SANGRE,Unidad,13
45170,BOLSA COLECTORA DE PVC X 250 mL CUADRUPLE CON APSOL PARA SANGRE,Unidad,10
45173,BOLSA COLECTORA DE PVC  X 450 mL CUADRUPLE CON MANITOL PARA SANGRE,Unidad,57
45185,BRAZALETE DE IDENTIFICACION DE PLASTICO REFORZADO CON CIERRE DE SEGURIDAD PARA PACIENTE ADULTO,Unidad,6
45231,CAMPO QUIRURGICO DE PLASTICO ESTERIL DESCARTABLE 2.50 m X 1.50 m,Unidad,14
45244,CANULA BINASAL PARA OXIGENO PEDIATRICO,Unidad,5
45245,CANULA BINASAL PARA OXIGENO ADULTO,Unidad,5
45246,CANULA BINASAL PARA OXIGENO NEONATAL,Unidad,5
45388,MICROCATETER DE POLIURETANO/NAILON DE 1.5 FR X 1.55 cm,Unidad,7
45568,CATETER ENDOVENOSO DE POLIMERO TIPO PERIFERICO DE 18 G X 1 1/4 in,Unidad,6
45725,GASA QUIRURGICA ESTERIL DE FORMA RECTA DE 8 PLIEGUES X 1 yd DE 100 yd APROX.,Unidad,18
45778,COMPRESA DE GASA ESTERIL 48 cm X 48 cm APROX. PARA USO QUIRURGICO,Unidad,7
45787,COMPRESA GASA QUIRURGICA RADIOPACA ESTERIL 15 cm X 50 cm PARA USO HOSPITALARIO,Unidad,9
45820,COMPRESA GASA QUIRURGICA RADIOPACA ESTERIL 48 cm X 48 cm PARA USO HOSPITALARIO,Unidad,11
45863,GUANTE PARA EXAMEN DESCARTABLE TALLA  S,Unidad,7
45882,GUANTE PARA EXAMEN DESCARTABLE TALLA  L,Unidad,11
45891,GUANTE PARA EXAMEN DESCARTABLE TALLA  M,Unidad,22
45897,GUANTE QUIRURGICO ESTERIL DESCARTABLE Nº 6 1/2,Unidad,19
45898,GUANTE QUIRURGICO ESTERIL DESCARTABLE Nº 7,Unidad,27
45899,GUANTE QUIRURGICO ESTERIL DESCARTABLE Nº 7 1/2,Unidad,29
45900,GUANTE QUIRURGICO ESTERIL DESCARTABLE Nº 8,Unidad,7
45994,CLORHEXIDINA AL 4% X 1 L CON DISPOSITIVO A CIRCUITO CERRADO CON PEDAL,Unidad,7
45997,CLORHEXIDINA GLUCONATO 2 g/100 mL CON DISPENSADOR DE CIRCUITO CERRADO 1 L,Unidad,12
46004,JERINGA DE POLIPROPILENO TIPO DESCARTABLE 3 mL CON AGUJA 21 g X 1 1/2 in,Unidad,5
46015,JERINGA DE POLIPROPILENO TIPO DESCARTABLE 5 mL CON AGUJA 21 g X 1 1/2 in,Unidad,6
46034,JERINGA DE POLIPROPILENO TIPO DESCARTABLE 10 mL CON AGUJA 21 g X 1 1/2 in,Unidad,11
46038,JERINGA DE POLIPROPILENO TIPO DESCARTABLE 20 mL CON AGUJA 21 g X 1 1/2 in,Unidad,9
46171,LLAVE DE TRIPLE VIA DE PVC CON EXTENSION X 10 cm,Unidad,8
46172,LLAVE DE TRIPLE VIA DE PVC CON EXTENSION X 50 cm,Unidad,7
46375,SONDA DE ASPIRACION DE POLIURETANO ENDOTRAQUEAL CIRCUITO CERRADO Nº 05,Unidad,5
46377,SONDA DE ASPIRACION DE POLIURETANO ENDOTRAQUEAL CIRCUITO CERRADO Nº 08,Unidad,8
46378,SONDA DE ASPIRACION DE POLIURETANO ENDOTRAQUEAL CIRCUITO CERRADO Nº 14,Unidad,11
46379,SONDA DE ASPIRACION DE POLIURETANO ENDOTRAQUEAL CIRCUITO CERRADO Nº 16,Unidad,6
47070,TUBO DE ASPIRACION DE PVC TIPO NO CONDUCTIVO ESTERIL 7 mm X 3 mm X 1.8 m,Unidad,5
47077,TUBO DE ASPIRACION DE PVC TIPO NO CONDUCTIVO ESTERIL 7 mm X 11 mm X 3 m,Unidad,5
47354,TUBULADURA DE SILICONA PARA LIGADURA Y EXTENSION DE 7 mm X 12 mm DE 25 m APROX.,Unidad,5
47578,AEROCAMARA DE PVC PEDIATRICO,Unidad,5
47752,COMPRESA DE GASA ESTERIL 10 cm X 10 cm APROX. PARA USO QUIRURGICO,Unidad,12
47753,COMPRESA DE GASA ESTERIL 7.5 cm X 7.5 cm APROX. PARA USO QUIRURGICO,Unidad,8
47960,AGUJA DESCARTABLE DE 21 g X 1 in PARA EXTRACCION DE SANGRE AL VACIO,Unidad,6
47966,AGUJA DESCARTABLE DE 21 g X 1 1/2 in PARA EXTRACCION DE SANGRE AL VACIO,Unidad,7
47980,VENDA DE YESO CON GASA DE ALGODON DE 6 in X 5 yd PARA ESTABILIZACION DE FRACTURAS,Unidad,5
48036,BOLSA DE COLOSTOMIA ADULTO,Unidad,23
48161,CANULA NASAL DE PVC HUDSON Nº 0 PARA UN MONITOR CPAP NASAL,Unidad,10
48253,PAPEL CREPADO DE CELULOSA GRADO MEDICO 1.20 m X 1.20 cm CORTADO,Unidad,6
49041,DETERGENTE ENZIMATICO BACTERIOSTATICO BIODEGRADABLE,Galon,7
49073,DETERGENTE ENZIMATICO CON 3 ENZIMAS X 5 L,Unidad,9
49113,EQUIPO DE VENOCLISIS CON CAMARA DE MICROGOTERO (DOBLE FILTRO),Unidad,6
49135,EQUIPO MICROGOTERO CON CAMARA GRADUADA,Unidad,21
49198,BOLSA DE PVC X 500 mL PARA NUTRICION ENTERAL,Unidad,5
49200,BOLSA DE PVC X 1 L PARA NUTRICION ENTERAL,Unidad,7
49870,APOSITO DE POLIURETANO TRANSPARENTE ADHESIVO 6 cm X 7 cm PARA USO EN HERIDAS,Unidad,5
49881,APOSITO DE POLIURETANO TRANSPARENTE ADHESIVO 10 cm X 12 cm PARA USO EN HERIDAS,Unidad,10
49974,BOLSA DE ASPIRACION DE PVC X 1.5 L CON VALVULA Y FILTRO ANTIBACTERIANO PARA SECRECIONES,Unidad,19
49975,BOLSA DE ASPIRACION DE PVC X 3L CON VALVULA Y FILTRO ANTIBACTERIANO PARA SECRECIONES,Unidad,14
51464,PROTESIS DE ACERO INOXIDABLE TIPO  PARCIAL THOMPSON Nº 50 PARA USO ORTOPEDICO,Unidad,6
51646,PROTESIS DE ACERO INOXIDABLE DE CADERA PARCIAL TIPO MULLER DIAMETRO INTERNO 28 mm DIAMETRO EXTERNO 52 mm PARA USO QUIRURGICO,Unidad,7
53376,PELICULA EXTENSIBLE PARA EMBALAJE (FILM STRECH) DE 20 in  X 500 m,Unidad,5
53450,PARIHUELA DE PLASTICO DE 15 cm X 1.00 m X 1.20 m,Unidad,6
54527,TUBO PLASTICO 3 mL PARA EXTRACCION AL VACIO CON EDTA DIPOTASICO,Unidad,5
58615,SEVOFLURANO SOL PARA INHALACION 250 mL,Unidad,22
58622,PROPOFOL 1 % (10 mg/ mL) INY 20 mL,Unidad,10
58655,LIDOCAINA CON PRESERVANTES S/E 2% (2 g/100 mL) INY 20 mL,Unidad,5
58660,LIDOCAINA SIN PRESERVANTES SIN EPINEFRINA 2 % (2 g/100 mL ) INY 20 mL,Unidad,5
58662,LIDOCAINA 2 g/100 g GEL TOPICO 30 g,Unidad,9
58698,REMIFENTANILO 5 mg INY 5 mL,Unidad,5
58702,FENTANILO 50 mcg/mL INY 10 mL,Unidad,11
58823,IBUPROFENO 100 mg/5  mL SUS 60 mL,Unidad,30
58826,IBUPROFENO 400 mg TAB,Unidad,23
58841,METAMIZOL SODICO 1 g INY 2 mL,Unidad,30
58860,NAPROXENO 500 mg TAB,Unidad,49
58878,PARACETAMOL 100 mg/mL SOL 10 mL,Unidad,6
58881,PARACETAMOL 120 mg/5 mL JBE 120 mL,Unidad,10
58882,PARACETAMOL 120 mg/5 mL JBE  60 mL,Unidad,37
58887,PARACETAMOL 500 mg TAB,Unidad,19
58949,DICLOFENACO 75 mg INY 3 mL,Unidad,14
58988,ACIDO ACETILSALICILICO 100 mg TAB,Unidad,8
59031,CLORFENAMINA 4 mg TAB,Unidad,6
59033,CLORFENAMINA 2 mg/5 mL JBE 120 mL,Unidad,18
59053,EPINEFRINA 1 mg INY 1 mL,Unidad,5
59055,LORATADINA 5 mg/5 mL JBE 60 mL,Unidad,7
59057,LORATADINA 10 mg TAB,Unidad,6
59090,"FLUMAZENIL 0,5 mg INY 5 mL",Unidad,5
59105,GABAPENTINA 300 mg TAB,Unidad,23
59118,TOPIRAMATO 100 mg TAB,Unidad,6
59127,CARBAMAZEPINA 200 mg TAB,Unidad,6
59139,CLONAZEPAM 500 mcg (0.5 mg) TAB,Unidad,6
59140,CLONAZEPAM 2 mg TAB,Unidad,8
59145,FENITOINA 100 mg TAB,Unidad,5
59160,ACIDO VALPROICO 250 mg / 5 mL JBE 120 mL,Unidad,6
59166,ACIDO VALPROICO 500 mg TAB LIB RET,Unidad,34
59190,LAMOTRIGINA 50 mg TAB,Unidad,9
59202,ALBENDAZOL 100 mg/5mL SUS 20 mL,Unidad,17
59217,MEBENDAZOL 100 mg/5 mL SUS 30 mL,Unidad,10
59263,AMPICILINA 1 g INY,Unidad,5
59286,AMOXICILINA 500 mg TAB,Unidad,29
59288,AMOXICILINA 250 mg/5 mL SUS 60 mL,Unidad,30
59329,BENCILPENICILINA PROCAINICA 1000000 UI INY,Unidad,6
59336,DICLOXACILINA 500 mg TAB,Unidad,19
59363,BENZATINA BENCILPENICILINA 1200000 UI INY,Unidad,5
59440,CEFUROXIMA 500 mg TAB,Unidad,9
59463,CEFALEXINA 250 mg/5 mL SUS 60 mL,Unidad,9
59464,CEFALEXINA 500 mg TAB,Unidad,25
59499,CEFAZOLINA 1 g INY,Unidad,6
59506,CEFTAZIDIMA 1 g INY,Unidad,10
59513,CEFTRIAXONA 1 g INY,Unidad,24
59516,CEFTRIAXONA CON DILUYENTE 1 g INY,Unidad,16
59538,CLARITROMICINA 500 mg TAB,Unidad,10
59576,ERITROMICINA 500 mg TAB,Unidad,6
59598,CLINDAMICINA 300 mg TAB,Unidad,7
59599,CLINDAMICINA 600 mg INY 4 mL,Unidad,9
59608,AZITROMICINA 200 mg/5 mL SUS 60 mL,Unidad,5
59610,AZITROMICINA 200 mg/5 mL SUS 30 mL,Unidad,7
59613,AZITROMICINA 500 mg TAB,Unidad,16
59634,DOXICICLINA 100 mg TAB,Unidad,5
59690,CIPROFLOXACINO 500 mg TAB,Unidad,13
59695,CIPROFLOXACINO 200 mg INY 100 mL,Unidad,5
59711,FOSFOMICINA 3 g GRANU 3 g,Unidad,5
59714,LINEZOLID 600 mg INY 300 mL,Unidad,8
59744,NITROFURANTOINA 100 mg TAB,Unidad,18
59752,VANCOMICINA 500 mg PLV PARA SOL INY,Unidad,12
59795,CASPOFUNGINA 50 mg INY,Unidad,6
59803,AMFOTERICINA B 50 mg INY.,Unidad,9
59811,CLOTRIMAZOL 500 mg OVU,Unidad,5
59851,FLUCONAZOL 2 mg/mL INY 50 mL,Unidad,6
59853,FLUCONAZOL 150 mg TAB,Unidad,5
59880,METRONIDAZOL 250 mg/5 mL SUS 120 mL,Unidad,8
59888,METRONIDAZOL 500 mg INY 100 mL,Unidad,7
59913,HIDROXICLOROQUINA SULFATO 400 mg (Equiv. 310 mg hidroxicloroquina) TAB,Unidad,19
60002,ACICLOVIR 250 mg INY 10 mL,Unidad,6
60003,ACICLOVIR 200 mg TAB,Unidad,5
60014,ACICLOVIR 400 mg TAB,Unidad,5
60041,CAPECITABINA 500 mg TAB,Unidad,5
60043,CARBOPLATINO 150 mg INY 15 mL,Unidad,7
60052,DOCETAXEL CON SOLVENTE 80 mg INY 2 mL,Unidad,5
60058,EXEMESTANO 25 mg TAB,Unidad,7
60063,"FILGRASTIM 30 MU (0,3 mg/ml) INY 1 mL",Unidad,10
60072,IRINOTECAN 100 mg INY 5 mL,Unidad,6
60082,OXALIPLATINO 100 mg INY,Unidad,6
60084,RITUXIMAB 100 mg/10 mL INY 10 mL,Unidad,6
60085,RITUXIMAB 500 mg/50 mL INY 50 mL,Unidad,11
60091,TEMOZOLOMIDA 100 mg TAB,Unidad,5
60110,"LEUPRORELINA CON SOLVENTE 7,5 mg INY",Unidad,5
60119,TRASTUZUMAB 440 mg INY,Unidad,9
60137,CITARABINA 500 mg INY,Unidad,5
60154,HIDROXICARBAMIDA 500 mg TAB,Unidad,6
60155,IFOSFAMIDA 1 g INY,Unidad,6
60193,ETOPOSIDO 100 mg INY 5 mL,Unidad,5
60225,PRAMIPEXOL 1 mg TAB,Unidad,6
60226,PRAMIPEXOL 250 mcg TAB,Unidad,5
60241,"ENOXAPARINA SODICA 60 mg INY 0,6 mL",Unidad,23
60242,"ENOXAPARINA SODICA 40 mg INY 0,4 mL",Unidad,21
60267,EPOETINA ALFA 4000 UI/mL INY 1 mL,Unidad,12
60270,EPOETINA ALFA 2000 UI INY 1 mL,Unidad,44
60293,FERROSO SULFATO HEPTAHIDRATO 25 mg/mL SOL 30 mL,Unidad,16
60296,FERROSO SULFATO 300 mg (equiv. 60 mg Fe) TAB,Unidad,7
60299,SULFATO FERROSO 15 mg de Fe/5 mL JBE 180 mL,Unidad,36
60321,HEPARINA SODICA 25000 UI INY 5 mL,Unidad,15
60335,CLOPIDOGREL 75 mg TAB,Unidad,6
60342,POLIGELINA 3.5 g/100 mL (3.5 %) INY 500 mL,Unidad,7
60343,ALBUMINA HUMANA 20 % (20 g/100 mL) INY 50 mL,Unidad,44
60385,PROPAFENONA 150 mg TAB,Unidad,6
60416,NIMODIPINO 30 mg  TAB,Unidad,5
60430,AMLODIPINO 5 mg TAB,Unidad,8
60434,BISOPROLOL 5 mg TAB,Unidad,9
60443,CARVEDILOL 12.5 mg TAB,Unidad,7
60446,CARVEDILOL 6.25 mg TAB,Unidad,8
60456,IRBESARTAN 150 mg TAB,Unidad,8
60464,LOSARTAN 50 mg TAB,Unidad,32
60485,NIFEDIPINO 30 mg TAB LIB PRO,Unidad,10
60499,METILDOPA 250 mg TAB,Unidad,7
60518,GEMFIBROZILO 600 mg TAB,Unidad,17
60520,ATORVASTATINA 20 mg TAB,Unidad,18
60522,ATORVASTATINA 40 mg TAB,Unidad,8
60530,SIMVASTATINA 20 mg TAB,Unidad,5
60581,CLOBETASOL 0.05 % CRM TOPICA 25 g,Unidad,5
60658,MUPIROCINA 2 % CRM 15 g,Unidad,8
60786,BENZOATO DE BENCILO 25% LOC 120 mL,Unidad,5
60821,PERMETRINA 5 % CRM 60 g,Unidad,6
60836,BETAMETASONA 0.05% CRM 20 g,Unidad,5
60864,HIDROCORTISONA 1 % CRM 20 g,Unidad,6
60899,CLOTRIMAZOL 1 % (1 g/100g) CRM 20 g,Unidad,11
60961,CALAMINA 8 g/100 mL LOC 100 mL,Unidad,10
61026,DORZOLAMIDA 2% SOL OFT 5 mL,Unidad,9
61253,MANITOL 20 % (20 g/100 mL) INY 500 mL,Unidad,5
61255,HIDROCLOROTIAZIDA 25 mg TAB,Unidad,5
61259,ESPIRONOLACTONA 100 mg TAB,Unidad,5
61391,OMEPRAZOL 20 mg TAB LIB RET,Unidad,10
61392,OMEPRAZOL 40 mg INY,Unidad,8
61397,RANITIDINA 300 mg TAB,Unidad,7
61402,BISMUTO SUBSALICILATO 87.33 mg/5 mL SUS 150 mL,Unidad,25
61417,SUCRALFATO 1g/5 mL SUS 200 mg,Unidad,8
61473,LACTULOSA 3.3 g/5 mL SOL 240 mL,Unidad,7
61475,LACTULOSA 3.3 g/5 mL SOL 180 mL,Unidad,29
61488,OXIBUTININA 5 mg TAB,Unidad,7
61540,FINASTERIDA 5 mg TAB,Unidad,7
61577,INSULINA GLARGINA 100 UI/mL INY 3 mL,Unidad,8
61578,INSULINA GLARGINA 100 UI/mL INY 10 mL,Unidad,7
61591,INSULINA LISPRO 100 UI/mL INY 10 mL,Unidad,5
61601,PIOGLITAZONA 15 mg TAB,Unidad,9
61608,GLIBENCLAMIDA 5 mg TAB,Unidad,5
61609,METFORMINA 850 mg TAB,Unidad,32
61610,METFORMINA CLORHIDRATO 1 g TAB,Unidad,5
61691,BRIMONIDINA 1.5 mg/mL SOL OFT  5 mL,Unidad,8
61712,"HIPROMELOSA (HIDROXIPROPILMETILCELULOSA) 0,3% SOL OFT 10 mL",Unidad,5
61725,LATANOPROST 0.005 % SOL OFT 2.5  mL,Unidad,21
61791,HIALURONATO DE SODIO 0.4% SOL OFT 10 mL,Unidad,8
61816,TETRACICLINA CLORHIDRATO 1 g/100 g (1 %) UNG OFT 6 g,Unidad,15
61830,TIMOLOL 0.5 % SOL OFT 5 mL,Unidad,5
61841,CIPROFLOXACINO 0.3 % SOL OFT 5 mL,Unidad,9
61853,PREDNISOLONA 1 % SUS OFT 5 mL,Unidad,10
61862,ATROPINA SULFATO 10 mg/ mL (1 %) SOL OFT 5 mL,Unidad,5
61890,OXITOCINA 10 UI INY 1 mL,Unidad,5
61896,LEVOMEPROMAZINA 100 mg TAB,Unidad,9
61900,OLANZAPINA 10 mg TAB,Unidad,8
61903,QUETIAPINA 100 mg TAB,Unidad,5
61904,QUETIAPINA 200 mg TAB,Unidad,7
61906,RISPERIDONA 2 mg TAB,Unidad,9
61939,SULPIRIDA 200 mg TAB,Unidad,26
61946,ARIPIPRAZOL 15 mg TAB,Unidad,6
61951,ATOMOXETINA 40 mg TAB,Unidad,5
61954,HALOPERIDOL 50 mg/mL INY 1 mL,Unidad,9
61967,CLOZAPINA 100 mg TAB,Unidad,9
61974,CLOBAZAM 10 mg TAB,Unidad,6
62001,ZOLPIDEM 10 mg TAB,Unidad,9
62011,CLOMIPRAMINA 25 mg TAB,Unidad,14
62014,MIDAZOLAM 5 mg INY 5 mL,Unidad,6
62020,MIDAZOLAM 50 mg INY 10 mL,Unidad,10
62023,FLUOXETINA 20 mg TAB,Unidad,10
62028,SERTRALINA 50 mg TAB,Unidad,15
62032,PAROXETINA 20 mg TAB,Unidad,5
62036,MIRTAZAPINA 30 mg TAB,Unidad,5
62047,CARBONATO DE LITIO 300 mg TAB,Unidad,12
62131,BUDESONIDA 200 mcg/dosis AER PARA INHALACION 200 Dosis,Unidad,10
62166,BROMURO DE IPRATROPIO 20 mcg/dosis AER PARA INHALACION 200 Dosis,Unidad,9
62186,SALBUTAMOL 100 mcg/dosis AER PARA INHALACION 200 Dosis,Unidad,15
62195,SALBUTAMOL 5 mg/mL SOL 10 mL,Unidad,9
62214,DEXTROMETORFANO 15 mg/5ml JBE 120 mL,Unidad,18
62242,ACETILCISTEINA 200 mg GRANU 1 g,Unidad,8
62287,DEXTROSA 5 % (5 g/100 mL) INY 500 mL,Unidad,5
62288,DEXTROSA 5 % (5 g/100 mL ) INY 1 L,Unidad,12
62306,"SODIO CLORURO 0,9 % (900 mg/100 mL) INY 100 mL",Unidad,20
62308,"SODIO CLORURO 0,9 % (900 mg/100 mL) INY 250 mL",Unidad,6
62311,"SODIO CLORURO 0,9 % (900 mg/100 mL) INY 500 mL",Unidad,6
62313,"SODIO CLORURO 0,9 % (900 mg/100 mL) INY 1 L",Unidad,64
62332,SALES DE REHIDRATACION ORAL 20.5 g/L PLV,Unidad,19
62340,AGUA PARA INYECCION INY 1 L EN FRASCO,Unidad,15
62356,CALCIO CARBONATO 1.25 g (EQUIV. 500 mg DE CALCIO) TAB,Unidad,32
62398,ORFENADRINA 60 mg INY 2 mL,Unidad,12
62414,MEMANTINA 10 mg TAB,Unidad,7
62418,ACIDO ALENDRONICO 70 mg TAB,Unidad,8
62442,TRAMADOL 50 mg TAB,Unidad,5
62449,TRAMADOL 100 mg INY 2 mL,Unidad,9
62486,BROMURO DE ROCURONIO 50 mg INY 5 mL,Unidad,7
62498,DEXAMETASONA 4 mg INY 2 mL,Unidad,10
62530,TRIAMCINOLONA 50 mg INY 5 mL,Unidad,5
62537,PREDNISONA 5 mg TAB,Unidad,5
62540,PREDNISONA 5 mg/5 mL JBE 60 mL,Unidad,6
62541,PREDNISONA 5 mg/5 mL JBE 120 mL,Unidad,13
62551,MEROPENEM 500 mg PLV PARA SOL INY,Unidad,43
62552,MEROPENEM 1 g PLV PARA SOL INY,Unidad,5
62560,TIAMAZOL 5 mg TAB,Unidad,5
62563,DESMOPRESINA 10 mcg/dosis SOL 5 mL,Unidad,5
62569,SOMATROPINA 36 UI/mL INY 1 mL,Unidad,8
62578,OCTREOTIDA 200 mcg/mL INY 5 mL,Unidad,7
62635,BALANZA DIGITAL CAPACIDAD 200 kg SENSIBILIDAD 200 g,Unidad,7
62721,BALANZA ELECTRONICA CAPACIDAD DE 150 Kg CON PLATAFORMA  SENSIBILIDAD 200 g,Unidad,5
62782,COLORIMETRO DIGITAL PORTATIL,Unidad,12
62848,ESPECTROFOTOMETRO DIGITAL DE ABSORCION ATOMICA,Unidad,10
62851,ESPECTROFOTOMETRO DIGITAL INFRAROJO,Unidad,12
62857,ESPECTROFOTOMETRO DIGITAL DE MASAS ICP,Unidad,7
62864,ESTACION METEREOLOGICA DIGITAL IP65,Unidad,7
62940,MEDIDOR  DIGITAL MULTIFUNSION DE ENERGIA,Unidad,13
62942,MEDIDOR DIGITAL DE RESISTIVIDAD DEL TERRENO,Unidad,5
62950,MEDIDOR  DIGITAL MULTIPARAMETRICO PARA CALIDAD DE AGUA,Unidad,7
62972,MEDIDOR DE CLOROFILA,Unidad,8
62987,EQUIPO PARA MUESTREO DE AIRE PARTICULAS MENORES PM 10 DE 220 V 60 HZ,Unidad,8
62992,MUESTREADOR DIGITAL DE AIRE,Unidad,6
63075,TENSIOMETRO MANUAL ANEROIDE CON BRAZALETE PARA ADULTO,Unidad,7
63109,TENSIOMETRO DIGITAL DE MUÑECA PARA ADULTO,Unidad,7
63142,TURBIDIMETRO DIGITAL,Unidad,5
64207,CENTRAL DE OXIGENO,Unidad,5
64300,EQUIPO DE RAYOS X DIGITAL ESTACIONARIO PARA RADIOGRAFIA,Unidad,17
64304,EQUIPO DE RAYOS X DIGITAL PORTATIL PARA RADIOGRAFIA,Unidad,6
64312,EQUIPO ORDENADOR DE TURNO ELECTRONICO,Unidad,7
64334,ESQUILADORA DE 75 mm 300 W,Unidad,11
64368,LIOFILIZADOR DE 4 L,Unidad,20
64386,MOTOR FUERA DE BORDA DE 15 HP,Unidad,8
64387,MOTOR FUERA DE BORDA DE 40 HP,Unidad,6
64392,MOTOR FUERA DE BORDA DE 150 HP,Unidad,11
64395,MOTOR FUERA DE BORDA DE 25 HP,Unidad,6
64408,PISTOLA PARA PINTAR,Unidad,8
64507,BARREDORA MECANICA,Unidad,7
64509,CARGADOR FRONTAL SOBRE RUEDAS DE 2.0 m3,Unidad,15
64510,CARGADOR FRONTAL SOBRE RUEDAS DE 2.5 m3,Unidad,23
64515,COMPACTADOR VIBRATORIO TIPO RODILLO DE 5 HP,Unidad,9
64516,COMPACTADOR VIBRATORIO TIPO PLANCHA DE 7 HP,Unidad,6
64524,EXCAVADORA HIDRAULICA SOBRE RUEDAS DE 0.5 m3,Unidad,21
64542,MEZCLADORA DE CONCRETO TIPO TROMPO DE 11 ft3 CON MOTOR A GASOLINA,Unidad,6
64549,MOTOCULTOR A GASOLINA DE 40 cm 7 HP,Unidad,25
64550,MOTONIVELADORA CON HOJA DE 4.3 m,Unidad,115
64552,PERFORADORA DE POZO DE 100 m,Unidad,5
64562,RETROEXCAVADORA DE 0.3 m3 Y 1.1 m3,Unidad,202
64564,RODILLO COMPACTADOR VIBRATORIO LISO SIMPLE DE 180 cm 10000 Kg,Unidad,63
64567,RODILLO COMPACTADOR VIBRATORIO NEUMATICO DE 200cm 15000 Kg,Unidad,19
64570,RODILLO COMPACTADOR VIBRATORIO LISO TANDEM DE 150 cm 10000 Kg,Unidad,36
64575,SEGADORA DE DISCO PARA FORRAJE,Unidad,7
64591,TRACTOR AGRICOLA DE 150 HP,Unidad,108
64594,TRACTOR SOBRE ORUGA CON HOJA DE 3.5 m3,Unidad,52
64659,EMPACADORA DE FORRAJE DE 40 cm X 40 cm X 100 cm,Unidad,18
64664,MOLINO INDUSTRIAL QUEBRADOR PARA GRANOS,Unidad,10
64697,MAQUINA BORDADORA DE 20 cm X 20 cm,Unidad,39
64721,MAQUINA DE COSER RECTA INDUSTRIAL,Unidad,8
64724,MAQUINA DE COSER REMALLADORA,Unidad,14
64733,MAQUINA DE SOLDAR AUTOGENA,Unidad,10
64745,DOBLADORA DE ESTRIBOS DE CONSTRUCCION,Unidad,6
64749,MAQUINA EMPACADORA,Unidad,18
64755,MAQUINA ENVASADORA,Unidad,14
64759,MAQUINA EXTRUSORA,Unidad,14
64793,MAQUINA PARA PRODUCCION DE HIELO EN BLOQUES,Unidad,9
64828,MAQUINA TEJEDORA,Unidad,22
64831,MARTILLO NEUMATICO,Unidad,7
64836,MOTOSOLDADORA DE 28 V 200 A,Unidad,5
64838,PICADORA DE FORRAJE,Unidad,82
64846,PRENSA NEUMATICA,Unidad,6
64869,SELECCIONADOR DE GRANO,Unidad,10
64871,SIERRA ELECTRICA PARA CORTAR CARNE,Unidad,5
64890,TORNO PARALELO DE 460 mm X 1.50 m 5500 W,Unidad,6
64928,CARRETILLA BUGUI DE ACERO DE 3 ft3 CON RUEDA,Unidad,8
65056,CAMION CISTERNA DE 8000 gal,Unidad,14
65057,CAMION COMPACTADOR DE BASURA DE 5 m3,Unidad,181
65062,CAMION REMOLCADOR DE 30 t,Unidad,10
65065,CAMION VOLQUETE DE 10 m3,Unidad,25
65066,CAMION VOLQUETE DE 15 m3,Unidad,160
65078,CAMIONETA PICK UP CABINA DOBLE 4 X 4,Unidad,667
65079,CAMIONETA PICK UP CABINA DOBLE 4 X 2,Unidad,95
65081,FURGONETA DE 1000 Kg,Unidad,37
65082,CAMION GRUA PLATAFORMA ELEVADORA DE 5 t,Unidad,24
65085,MINICARGADOR FRONTAL DE 700 Kg,Unidad,72
65092,MOTOCICLETA DE 225 cm3,Unidad,10
65093,MOTOCICLETA DE 200 cm3,Unidad,46
70133,DISOLVENTE PARA PINTURA TRAFICO,Galon,19
70475,EQUIPO DE CONTROL DE ACCESO BIOMETRICO,Unidad,12
70538,LECTORA DE MARCAS OPTICAS - OMR SCANNER,Unidad,7
70540,LECTORA DE TARJETA CON CODIGO DE BARRA,Unidad,5
70610,SISTEMA DE ALMACENAMIENTO DE DISCOS EXTERNOS,Unidad,18
70618,SISTEMA DE PROTECCION Y SEGURIDAD PARA RED - FIREWALL,Unidad,23
70622,SOLUCION DE ALMACENAMIENTO EXTERNO,Unidad,10
70623,SOLUCION DE ALMACENAMIENTO EXTERNO NAS - NETWORK ATTACHED STORAGE,Unidad,11
70671,UNIDAD PARA COPIA DE SEGURIDAD - TAPE BACKUP EXTERNO,Unidad,7
70719,DUPLICADORA DIGITAL CON EDITOR INTELIGENTE,Unidad,9
70790,RELOJ MARCADOR FECHADOR ELECTRONICO CON LECTOR BIOMETRICO,Unidad,9
70966,CARPETA BIPERSONAL DE MADERA,Unidad,9
71093,ESCRITORIO DE MELAMINA CON 4 GAVETAS,Unidad,5
71095,ESCRITORIO DE MELAMINA CON 2 GAVETAS,Unidad,5
71097,ESCRITORIO DE MELAMINA CON 3 GAVETAS,Unidad,9
71389,MESA FIJA DE MADERA,Unidad,51
71417,MESA FIJA DE MELAMINA,Unidad,5
75929,PAVO,Unidad,14
75969,PAJILLA DE SEMEN DE TORO RAZA HOLSTEIN,Unidad,5
75970,PAJILLA DE SEMEN DE TORO RAZA BROWN SWISS,Unidad,33
77488,SISTEMA DE DETECCION CONTRA INCENDIOS,Unidad,26
77530,EQUIPO DIGITAL DE GEORADAR PARA USO TOPOGRAFICO,Unidad,6
78118,AMPLIFICADOR DE RADIOFRECUENCIA,Unidad,7
78410,ANALIZADOR DIGITAL DE REDES ELECTRICAS,Unidad,5
79220,RADIO TRANSMISOR RECEPTOR,Unidad,6
79245,EQUIPO DE POSICIONAMIENTO - GPS DIFERENCIAL,Unidad,57
79248,EQUIPO RECEPTOR DE SATELITE DIGITAL - RECEPTOR SATELITAL,Unidad,10
79257,CENTRAL TELEFONICA DIGITAL DE 20 SALIDAS,Unidad,6
79261,ESTACION BASE PARA GPS,Unidad,6
79402,CAMARA DE VIGILANCIA TIPO DOMO EXTERIOR A COLOR VARIFOCAL,Unidad,12
79462,CHALECO ANTIBALAS,Unidad,56
79593,PONCHO IMPERMEABLE CON CAPUCHA,Unidad,7
79646,CASCO ANTIMOTIN CON VISOR,Unidad,5
79648,CASCO DE SEGURIDAD ESTANDAR DE PLASTICO SIN BARBIQUEJO SIN MENTONERA SIN LINTERNA,Unidad,7
79681,MASCARA PROTECTORA,Unidad,6
79695,MASCARA ANTIGAS,Unidad,6
80623,UNIFORME DE INVIERNO PARA DAMA,Unidad,9
80856,UNIFORME DE DRIL TIPO COMANDO PARA CABALLERO,Unidad,26
80887,UNIFORME DE DENIN TIPO COMANDO PARA CABALLERO,Unidad,9
80901,UNIFORME DE FAENA DE ENFERMERIA,Unidad,5
80942,UNIFORME DE VERANO DE MEDICO PARA DAMA,Unidad,5
80943,UNIFORME DE VERANO DE MEDICO PARA CABALLERO,Unidad,5
86575,CONGELADOR FOTOVOLTAICO,Unidad,5
87127,SOFTWARE (INC. LICENCIA) PARA DISEÑO ASISTIDO POR COMPUTADORA 2D 3D,Unidad,5
87223,SOFTWARE (INC. LICENCIA) PARA SEGURIDAD PERIMETRAL,Unidad,6
87300,AMBIENTE PREFABRICADO DE MADERA DE 6.00 m X 6.00 m,Unidad,7
88178,GRASA MULTIPROPOSITO,Unidad,5
89937,TABLERO DE CONTROL PARA GRUPO ELECTROGENO,Unidad,6
90057,BOMBA FUMIGADORA MANUAL TIPO MOCHILA DE 20 L,Unidad,16
90059,BOMBA FUMIGADORA MANUAL TIPO MOCHILA DE 15 L,Unidad,5
90090,BOMBA DOSIFICADORA ELECTRICA DE SOLUCION DE HIPOCLORITO DE SODIO,Unidad,5
90112,EQUIPO DE CROMATOGRAFIA,Unidad,6
90122,EQUIPO DE TRATAMIENTO DE AGUA (POTABILIZADOR DE AGUA),Unidad,15
90129,"ESTEREO MICROSCOPIO OCULARES 10X OBJETIVOS DE 2X, 4X PARA USO DE LABORATORIO",Unidad,9
90149,PASTEURIZADOR ELECTRICO DE 1000 L/H,Unidad,13
90165,SISTEMA DIGITAL DE ADQUISICION DE DATOS,Unidad,6
90190,EXCAVADORA DRAGALINA SOBRE ORUGA DE 30.0 m3,Unidad,9
90215,TRACTOR AGRICOLA CON RIPPER DE 150 HP,Unidad,8
90292,MAQUINA PARA ENSAYO DE COMPRESION,Unidad,5
90296,MAQUINA PARA HILAR ELECTRICA DE 12 in,Unidad,6
90354,TANQUE DE AGUA CILINDRICO RIGIDO DE POLIETILENO DE 600 L,Unidad,6
90355,TANQUE DE AGUA CILINDRICO RIGIDO DE POLIETILENO DE 1100 L,Unidad,16
90373,CAMION IMPRIMADOR DE 2500 gl,Unidad,6
90374,CARRO MARCADOR DE LINEAS DE 4 HP,Unidad,8
90510,EQUIPO DE GIMNASIO ELIPTICA,Unidad,6
90873,TRAJE DE PROTECCION TIPO MAMELUCO EN TELA NO TEJIDA DE POLIETILENO DE ALTA DENSIDAD,Unidad,25
90874,TRAJE DE PROTECCION TIPO MAMELUCO EN TELA NO TEJIDA DE POLIETILENO DE ALTA DENSIDAD LAMINADA,Unidad,6
90883,CASACA TERMICA IMPERMEABLE TRANSPIRABLE RESISTENTE HASTA -25ºC,Unidad,10
91205,AMORTIGUADOR DE SUSPENSION DELANTERO PARA CAMIONETA,Unidad,6
94988,POLLO VIVO,Kilogramo,31
117770,ALFALFA,Kilogramo,6
129718,ACETILCISTEINA 600 mg TAB EFERV,Unidad,9
129725,AMIKACINA 500 mg INY 2 mL,Unidad,10
129729,AMOXICILINA + ACIDO CLAVULANICO (250 mg + 62.5 mg)/5 mL SUS 60 mL,Unidad,23
129733,BECLOMETASONA 250 mcg/dosis AER PARA INHALACION 200 Dosis,Unidad,5
129737,BIPERIDENO 2 mg TAB,Unidad,6
129779,LEVOTIROXINA SODICA 100mcg (0.1 mg )TAB,Unidad,5
129795,"PROXIMETACAINA 0,5% SOL OFT 15 mL",Unidad,5
129801,SODIO CLORURO 20% (20 g/100 mL) INY 20 mL,Unidad,7
129850,ALAMBRE DE PUAS,Unidad,9
129851,ALAMBRE NEGRO RECOCIDO Nº 08,Kilogramo,5
129852,ALAMBRE NEGRO RECOCIDO Nº 16,Kilogramo,11
130017,BARRA PARA CONSTRUCCION DE 1 3/8 in GRADO 60,Unidad,27
130018,BARRA PARA CONSTRUCCION DE 1 in GRADO 60,Unidad,23
130019,BARRA PARA CONSTRUCCION DE 1/2 in GRADO 60,Unidad,216
130020,BARRA PARA CONSTRUCCION DE 12 mm GRADO 60,Unidad,12
130021,BARRA PARA CONSTRUCCION DE 3/4 in GRADO 60,Unidad,45
130022,BARRA PARA CONSTRUCCION DE 3/8 in GRADO 60,Unidad,133
130023,BARRA PARA CONSTRUCCION DE 5/8 in GRADO 60,Unidad,99
130024,BARRA PARA CONSTRUCCION DE 6 mm GRADO 60,Unidad,27
130137,ALCANTARILLA DE ACERO DE 2 mm X 36 in,Metro,6
130874,EQUIPO DE RIEGO POR ASPERSION,Unidad,6
130875,EQUIPO DE RIEGO POR GOTEO,Unidad,6
130888,FUMIGADORA TERMONEBULIZADOR DE CAÑON CORTO,Unidad,6
130889,FUMIGADORA TERMONEBULIZADOR DE CAÑON LARGO,Unidad,13
130895,MAQUINA PELADORA DE POLLOS,Unidad,6
130908,PICADORA DE CHALA,Unidad,8
130938,MAQUINA TRITURADORA FORESTAL DE 1.50 m,Unidad,16
130953,TANQUE CRIOGENICO DE METAL X 20 L,Unidad,7
131104,CESPED AMERICANO - STENOTAPHRUM SECUNDATUM,M2,54
131254,SEMILLA DE GRASS - CYNODON DACTYLON,Kilogramo,6
131271,SEMILLA DE PALTO - PERSEA AMERICANA VARIEDAD FUERTE (YEMA),Unidad,9
131272,SEMILLA DE PALTO - PERSEA AMERICANA VARIEDAD HASS (YEMA),Unidad,7
131354,SEMILLA DE CAFE - COFFEA ARABICA L,Kilogramo,9
131370,SEMILLA DE TREBOL BLANCO - TRIFOLIUM REPENS L.,Kilogramo,15
131371,SEMILLA DE TREBOL ROJO - TRIFOLIUM PRATENSE,Kilogramo,7
131372,SEMILLA DE CESPED OVILLO - DACTYLIS GLOMERATA,Kilogramo,32
131449,SEMILLA DE ALVERJILLA - VICIA SATIVA,Kilogramo,6
131484,HIJUELO DE PLATANO - MUSA SAPIENTUM,Unidad,18
131652,GUANO DE AVES,Unidad,16
131654,HUMUS DE LOMBRIZ,Unidad,11
131693,FERTILIZANTE CON POTASIO + AZUFRE AL 50% + 18%,Unidad,5
131694,FERTILIZANTE UREA AL 46%,Kilogramo,23
131695,FERTILIZANTE FOSFATO DIAMONICO,Kilogramo,29
131704,FERTILIZANTE CON ACIDO FOSFORICO AL 85%,Unidad,10
131761,ABONO FOLIAR (NITROGENO FOSFORO Y POTASIO) 30-20-20,Unidad,5
131762,SULFATO DOBLE DE POTASIO Y MAGNESIO,Kilogramo,19
131775,FERTILIZANTE FOLIAR BORO AL 15%,Unidad,5
131777,FERTILIZANTE FOLIAR NITROGENO + FOSFORO + POTASIO AL 20% + 20% + 20%,Unidad,7
131778,FERTILIZANTE CON NITROGENO AMONIACAL + ACIDO FOSFORICO + MAGNESIO AL 10% + 34% + 0.5%,Unidad,5
131789,FERTILIZANTE FOLIAR NITROGENO FOSFORO POTASIO NPK 20-20-20,Kilogramo,23
131796,FERTILIZANTE CON NITROGENO + AZUFRE AL 21% + 24%,Unidad,8
131806,REGADERA GALVANIZADA DE 10 L,Unidad,5
131919,ASPERSOR DE RIEGO GIRATORIO DE PVC DE 1/2 in,Unidad,8
131948,TIERRA DE CHACRA,M3,12
131953,TIERRA NEGRA,M3,22
131960,TIERRA AGRICOLA,M3,12
131974,PLASTICO DE POLIETILENO TIPO BORRULL PARA INJERTOS DE PLANTAS DE 1.5 in X 70 cm,Unidad,6
132268,GEOMEMBRANA DE HDPE DE 1.5 mm,M2,81
132290,GEOTEXTIL NO TEJIDO DE POLIPROPILENO DE 300 gr/m2,M2,20
132387,FILTRO DE ACEITE PARA MOTOR DE AUTOMOVIL,Unidad,10
132389,FILTRO DE ACEITE PARA MOTOR DE CAMIONETA,Unidad,14
133248,GEOTEXTIL NO TEJIDO DE POLIPROPILENO DE 200 gr/m2,M2,20
133258,ALIMENTO BALANCEADO CRECIMIENTO I PARA ANIMALES,Kilogramo,17
133281,TORTA DE SOYA PARA ALIMENTO DE ANIMALES,Kilogramo,7
133322,CARNE DE POLLO CON MENUDENCIA PARA ALIMENTO DE ANIMALES,Kilogramo,5
133360,FORRAJE VERDE PARA ALIMENTO DE ANIMALES,Kilogramo,5
133363,HENO DE AVENA PARA ALIMENTO DE ANIMALES,Unidad,12
133364,SEMILLA DE RYE CESPED INGLES CULTIVAR NUI CLASE NO CERTIFICADA,Kilogramo,23
133431,HENO DE ALFALFA PARA ALIMENTO DE ANIMALES,Kilogramo,16
133436,CHALA DE MAIZ VERDE PARA ALIMENTO DE ANIMALES,Kilogramo,8
133445,ALFALFA SECA PARA ALIMENTO DE ANIMALES,Kilogramo,11
133492,ARROZ PILADO SUPERIOR,Kilogramo,199
133508,HARINA DE MACA,Kilogramo,5
133509,HARINA DE PLATANO,Kilogramo,9
133548,HARINA DE QUINUA,Kilogramo,11
133561,MELAZA,Kilogramo,6
133780,CARNE DE POLLO FRESCA ENTERA EVISCERADA,Kilogramo,16
133808,CARNE DE PAVITA FRESCA CORTE MEDALLON,Kilogramo,5
133814,CARNE DE PAVO CONGELADO ENTERO EVISCERADA,Kilogramo,12
133817,CARNE DE POLLO FRESCA ENTERO CON VISCERAS,Kilogramo,16
133827,CARNE DE PAVO CONGELADO ENTERO CON VISCERA,Unidad,11
133836,POLLO ENTERO SIN MENUDENCIA REFRIGERADO,Kilogramo,41
133847,POLLO ENTERO CON MENUDENCIA,Kilogramo,11
133864,CARNE DE POLLO FRESCA CORTE FILETE DE PECHUGA,Kilogramo,6
133879,CARNE DE CERDO FRESCO CORTE ASADO,Kilogramo,5
133946,HIGADO DE RES CONGELADO,Kilogramo,5
133950,MONDONGO DE RES CONGELADO,Kilogramo,9
134565,LECHE EVAPORADA ENTERA X 170 g APROX.,Unidad,214
134733,RACION FRIA ALIMENTICIA,Unidad,5
134839,ALIMENTO NUTRICIONAL HIPERTONICO POLIMERICO SIN LACTOSA PARA ADULTO,Unidad,9
135034,CEBOLLA ROJA,Kilogramo,8
135149,OLLUCO,Unidad,5
135363,CONGELADORA INDUSTRIAL VERTICAL ELECTRICA DE 500 L,Unidad,8
142164,"LIBRO CUENTOS, FABULAS, MITOS, LEYENDAS PERUANOS",Unidad,5
142577,SOFTWARE (INC. LICENCIA) ANTIVIRUS CORPORATIVO,Unidad,25
142613,SOFTWARE (INC. LICENCIA) PARA SISTEMA DE PROTECCION Y SEGURIDAD PARA RED - FIREWALL,Unidad,7
144009,ANILLO DE UNION DE TUBOS DE PVC DE CAUCHO DE 100 mm,Unidad,5
146101,DIESEL B5,Galon,465
146142,ACEITE DE MOTOR SAE 15W 40,Unidad,18
146169,ACEITE LUBRICANTE ADHESIVO,Unidad,12
146176,ACEITE DE MOTOR SAE 10W 30,Unidad,6
146306,BOVINO BROWN SWISS VAQUILLA,Unidad,30
146538,ADAPTADOR DE LENTE PARA CAMARA DE VIDEO,Unidad,6
147441,CUMBRERA SUPERIOR PARA TEJA ANDINA DE 5 mm X 0.35 m X 0.70 m,Unidad,5
147446,CUMBRERA PARA CALAMINA GALVANIZADA DE 0.50 m X 1.80 m,Unidad,9
147539,ARENA FINA,M3,49
147541,ARENA GRUESA,M3,200
147542,ARENA CONFITILLADO,M3,21
147573,HORMIGON,M3,96
147581,LADRILLO DE ARCILLA KING KONG DE 10 cm X 14 cm X 24 cm,Unidad,60
147595,LADRILLO DE ARCILLA KING KONG DE 9 cm X 13 cm X 24 cm,Unidad,70
147596,LADRILLO DE ARCILLA PARA TECHO DE 15 cm X 30 cm X 30 cm,Unidad,13
147623,PIEDRA BRUTA TALLADA,M2,5
147626,PIEDRA PARA ENROCADO DE 1.00 m,M3,7
147629,PIEDRA BRUTA,M3,17
147630,PIEDRA DE RIO DE 10,M3,15
147677,CONCRETO PREMEZCLADO FC 145 kg/cm2,M3,16
147704,TIERRA DE RELLENO,M3,50
147757,ADITIVO IMPERMEABILIZANTE EN  POLVO PARA CONCRETOS Y MORTEROS,Kilogramo,8
147783,MANTO ASFALTICO DE 4 mm X 1 m X 10 m,M2,5
147847,TAPA DE FIERRO DE 12 in X 12 in PARA BUZON DE DESAGUE,Unidad,5
147874,ADITIVO CURADOR DE CONCRETO,Galon,6
148009,MEDIDOR DE VELOCIDAD DE AGUA POTABLE FRIA DE CHORRO UNICO DN 15 mm PARA CONEXION DOMICILIARIA,Unidad,23
148016,TANQUE DE AGUA CILINDRICO RIGIDO DE PVC DE 1100 L,Unidad,5
148035,BLOQUE DE PARED DE CONCRETO DE 15 cm X 20 cm X 40 cm,Unidad,15
148680,PISO PARQUET DE MADERA BALSAMO DE 8 mm X 7 cm X 45 cm,M2,6
149238,POSTE DE MADERA EUCALIPTO DE 4 in X 7 ft,Unidad,5
149578,PUERTA DE MADERA TORNILLO CONTRAPLACADA BATIENTE DE 2 HOJA,Unidad,5
149800,PUERTA DE MADERA TORNILLO APANELADA BATIENTE DE 1 HOJA,Unidad,5
151276,PIEDRA LAJA,M2,62
153106,TARJETA ELECTRONICA PARA PROCESADOR DE PLACAS PARA RAYOS X,Unidad,6
153704,RETENIDA OBLICUA PARA MEDIA TENSION,Unidad,13
154693,CAJA PARA MEDIDOR TRIFASICO DE METAL DE 60 cm X 65 cm X 20 cm,Unidad,11
159043,SISTEMA DE ILUMINACION MEDIANTE FIBRA OPTICA 150 W 230 V,Unidad,5
159590,JUEGOS DIDACTICOS DE HORA,Unidad,7
161986,GLUCOSA ENZIMATICA,Unidad,7
162063,HORMONA DE CRECIMIENTO,Unidad,5
162128,ENZIMA HEMOGLOBINA GLICOSILADA,Unidad,50
162152,REACTIVO PARA DETERMINAR COLESTEROL HDL DIRECTO AUTOMATIZADO,Unidad,7
162157,REACTIVO PARA DETERMINAR COLESTEROL LDL DIRECTO AUTOMATIZADO,Unidad,7
162158,REACTIVO PARA COLESTEROL TOTAL ENZIMATICO AUTOMATIZADO,Unidad,7
162276,AIRE COMPRIMIDO,M3,14
162326,PRUEBA DE RASTREO DE ANTICUERPOS IRREGULARES ANTIERITROCITARIOS,Unidad,6
163059,REACTIVO HEMOGLOBINA LIOFILIZADA,Unidad,5
163209,MEZCLA ENZIMATICA PARA LA PURIFICACION DE PRODUCTOS DE PCR X 500 REACCIONES,Unidad,7
163258,MEZCLA DE REACCION PARA PCR EN TIEMPO REAL X 200 REACCIONES,Unidad,8
163285,GEL DE AGAROSA PARA LA DETECCION DE ACIDOS NUCLEICOS METODO ELECTROFORESIS,Unidad,8
163377,"PRUEBA RAPIDA PARA DETECCION DE DENGUE (IgM, IgG Y ANTIGENO)",Unidad,7
163393,MEZCLA DE REACCION PARA PCR EN TIEMPO REAL X 2000 REACCIONES,Unidad,9
163745,MEDIO PARA HEMOCULTIVO ADULTO AUTOMATIZADO EN FRASCO,Unidad,5
165181,ALICATE DE ACERO INOXIDABLE CORTACABLE PICO DE LORO DE 7 in,Unidad,5
166880,INYECTOR CON VALVULA CHECK DE 1000 PPD CON BRIDAS PARA TUBERIA DE 2 in PARA SISTEMA DE CLORACION,Unidad,5
167540,DISCO DENTADO DE ACERO DE 28 in RARA RASTRA DE TRACTOR,Unidad,6
169304,EQUIPO UPS DE 30 KVA,Unidad,7
169352,SISTEMA CERCO ELECTRICO,Unidad,9
169381,GENERADOR DE NITROGENO DE 600 LPH,Unidad,6
174864,SET DE REPUESTOS 3 PIEZAS PARA VALVULA NEUMATICA DE AUTOCLAVE,Unidad,5
174865,SET DE REPUESTOS 6 PIEZAS PARA VALVULA NEUMATICA DE AUTOCLAVE,Unidad,7
175619,FILTRO DE POLISULFONA DE 1.8 m2 PARA EQUIPO HEMODIALISIS,Unidad,10
175633,FILTRO HIDROFOBICO DESCARTABLE DE 0.45 µm X 50 mm PARA EQUIPO DE SUCCION,Unidad,5
175649,FILTRO DE POLISULFONA DE 1.9 m2 PARA EQUIPO HEMODIALISIS,Unidad,7
178017,SABANA DESCARTABLE ESTERIL 2.00 m X 1.50 m,Unidad,16
178396,JERINGA DE POLIPROPILENO TIPO DESCARTABLE 60 mL PARA BOMBA INYECTORA DE CONTRASTE,Unidad,5
178676,MARCAPASO UNICAMERAL PERMANENTE PARA PACIENTE,Unidad,17
178718,LINEA PARA BOMBA INFUSORA CON ENTERALES,Unidad,9
178724,LINEA PARA BOMBA INFUSORA CON VOLUTROL,Unidad,30
178727,LINEA DE INFUSION SIN BURETA PARA BOMBA DE INFUSION,Unidad,14
178728,LINEA DE INFUSION CON BURETA PARA BOMBA DE INFUSION,Unidad,11
178740,LINEA DE INFUSION UNICANAL PARA BOMBA DE INFUSION,Unidad,8
178796,MARCAPASO BICAMERAL PERMANENTE PARA PACIENTE,Unidad,20
178854,LINEA DE EXTENSION OPACA PARA BOMBA DE INFUSION,Unidad,22
178889,OCLUSOR DE ACRILICO TIPO PERCUTANEO DE PERSISTENCIA DE DUCTUS ARTERIOSO DE 6 mm X 11 mm,Unidad,5
181451,PARIHUELA DE PLASTICO DE 1.2 m X 60 cm X 15 cm,Unidad,5
182410,CAJA DE BIOSEGURIDAD DE CARTON 36 cm X 30 cm X 28 cm,Unidad,8
184184,ANALIZADOR DIGITAL BIOQUIMICO SEMIAUTOMATIZADO,Unidad,7
184188,ANALIZADOR DE DOSIMETRO TIPO AUTOMATICO DE TERMOLUMINISCENCIA PARA CONTROL DE IRRADIACION,Unidad,7
184191,"ANALIZADOR DIGITAL DE GASES, ELECTROLITOS Y METABOLITOS EN SANGRE",Unidad,29
184250,ASPIRADORA DE SECRECIONES CON FRASCO DE VIDRIO ADULTO,Unidad,13
184266,AUTOQUERATOREFRACTOMETRO PORTATIL,Unidad,5
184308,CABINA DE SEGURIDAD BIOLOGICA - CAMARA DE BIOSEGURIDAD CLASE II TIPO A2,Unidad,26
184418,CENTRIFUGA NO REFRIGERADA DIGITAL PARA 12 TUBOS x 15 mL DE 4000 RPM,Unidad,7
184421,CENTRIFUGA NO REFRIGERADA DIGITAL PARA 24 TUBOS x 15 mL DE 4000 RPM,Unidad,7
184432,CENTRIFUGA REFRIGERADA DIGITAL DE 200 L TEMPERATURA DE 10 A 40 GRADOS,Unidad,8
184433,CENTRIFUGA REFRIGERADA DIGITAL DE 1000 L TEMPERATURA DE 10 A 40 GRADOS,Unidad,14
184434,MICROCENTRIFUGA REFRIGERADA DIGITAL DE 24 TUBOS X 5 mL DE 8000 RPM,Unidad,8
184482,CRIOSTATO ELECTRICO AUTOMATICO FIJO DE -10 C -30  C X 650W,Unidad,5
184486,CROMATOGRAFO ELECTRONICO AUTOMATICO DE GASES CON DETECTOR DE MASAS E INYECTOR,Unidad,8
184502,DERMATOMO NEUMATICO PARA USO QUIRURGICO,Unidad,9
184518,DETECTOR DE LATIDOS FETALES DE SOBREMESA,Unidad,6
184519,DETECTOR DE LATIDOS FETALES PORTATIL,Unidad,8
184526,DIGITALIZADOR DE IMAGENES DE RAYOS X,Unidad,15
184583,EQUIPO ABLANDADOR DE AGUA,Unidad,8
184588,EQUIPO DIGITAL CERTIFICADOR DE CABLEADO ESTRUCTURADO,Unidad,6
184594,EQUIPO DE ANESTESIA CON MONITOREO,Unidad,24
184645,EQUIPO ELECTRONICO DE FOTOTERAPIA REFLECTIVA DE ALTA DENSIDAD PARA NEONATO DE USO CLINICO,Unidad,5
184653,EQUIPO ELECTRONICO DE VIDEO LAPAROSCOPIA DE USO CLINICO,Unidad,18
184675,EQUIPO DE RAYOS X DENTAL PARA USO CLINICO,Unidad,5
184677,EQUIPO DE RAYOS X DIGITAL RODABLE PARA RADIOGRAFIA,Unidad,24
184678,EQUIPO DE RAYOS X DIGITAL PANORAMICO ESTACIONARIO DE ALTA FRECUENCIA PARA RADIOGRAFIA,Unidad,5
184704,EQUIPO ELECTRONICO ECOCARDIOGRAFO DOPPLER DE USO CLINICO,Unidad,19
184705,EQUIPO ELECTRONICO ECOGRAFO - ULTRASONIDO DE USO CLINICO,Unidad,20
184706,EQUIPO ELECTRONICO ECOGRAFO - ULTRASONIDO PORTATIL DE USO CLINICO,Unidad,24
184710,EQUIPO ELECTRONICO ECOGRAFO - ULTRASONIDO A COLOR DE USO CLINICO,Unidad,22
184713,EQUIPO ELECTRONICO ECOGRAFO - ULTRASONIDO DE 4 TRANSDUCTORES DE USO CLINICO,Unidad,5
184717,EQUIPO ELECTRONICO ECOGRAFO - ULTRASONIDO DOPPLER FETAL PORTATIL DE USO CLINICO,Unidad,6
184748,EQUIPO DIGITAL PARA DETERMINACION DE FLUJO DE USO DE LABORATORIO,Unidad,11
184755,MAMOGRAFO DIGITAL POR MICROPROCESADOR CON 4 VISTAS TOMOSINTESIS SIN ESTEREOTAXIA PARA DIAGNOSTICO RADIOLOGICO,Unidad,10
184761,EQUIPO ELECTRONICO PARA PRUEBA DE ESFUERZO COMPUTARIZADO DE USO CLINICO,Unidad,5
184762,EQUIPO PARA PRUEBA MOLECULAR PCR EN TIEMPO REAL,Unidad,28
184824,ESTERILIZADOR A VAPOR CON GENERADOR ELECTRICO X 600 L,Unidad,11
184829,ESTERILIZADOR A VAPOR CON GENERADOR ELECTRICO DE 300 L,Unidad,12
184915,HOMOGENIZADOR ULTRASONICO HORIZONTAL DE 400 W X 2000 mL APROX. PARA MUESTRAS DE TEJIDOS,Unidad,7
184940,INCUBADORA DIGITAL PARA CULTIVO DE 32 L RANGO +20 C a +80 C,Unidad,5
184950,INCUBADORA DIGITAL PARA LABORATORIO DE 700 L RANGO +3 C a +70 C,Unidad,8
184966,INCUBADORA NEONATAL SIN VENTILADOR DE TRANSPORTE PARA USO EXTRAHOSPITALARIO,Unidad,16
184967,INCUBADORA NEONATAL ESTANDAR PARA USO INTRAHOSPITALARIO,Unidad,10
184969,INCUBADORA NEONATAL CON VENTILADOR DE TRANSPORTE PARA USO EXTRAHOSPITALARIO,Unidad,10
185139,MICROSCOPIO BINOCULAR Y OCULAR DE 10 X PARA EPIFLUORESCENCIA,Unidad,9
185145,MICROSCOPIO  DIGITAL INVERTIDO BINOCULAR CON OBJETIVO DE 60X Y 100 X Y OCULARES DE 10 X PARA CONTRASTE DE FASE DE ALTO RELIEVE CON LUZ DE FLUORESCENCIA,Unidad,6
185146,"MICROSCOPIO  DIGITAL BINOCULAR CON OBJETIVO DE 10X, 25X, 40X Y 100 X Y OCULARES DE 5X,10 X Y 15X",Unidad,11
185152,MICROSCOPIO COMPUESTO DIGITAL TRINOCULAR CON OBJETIVOS DE 4 X Y 100 X Y OCULARES DE 5 X Y 20 X,Unidad,5
185164,"MICROSCOPIO COMPUESTO DIGITAL BINOCULAR CON OBJETIVOS DE 4 X, 100 X Y OCULARES DE 10 X Y 20 X CON DOBLE CABEZAL",Unidad,11
185173,MICROSCOPIO BINOCULAR Y OCULAR DE 10 X PARA FLUORESCENCIA,Unidad,13
185177,"MICROSCOPIO ELECTRONICO BINOCULAR CON OBJETIVOS DE 10X, 20 X, 40X, 60 X Y 100 X Y OCULAR DE 4X Y 20 X CORNEAL CON FOCAL",Unidad,8
185268,MONITOR DE FUNCIONES VITALES ADULTO CON 5 PARAMETROS  FIJO PARA USO INTRAHOSPITALARIO,Unidad,9
185324,OXIMETRO DE PULSO DIGITAL DE SOBREMESA PARA USO HOSPITALARIO,Unidad,6
185372,PULVERIZADOR ELECTRICO,Unidad,22
185509,TOMOGRAFO COMPUTARIZADO MULTICORTE,Unidad,14
185549,UNIDAD DENTAL,Unidad,14
185550,UNIDAD DENTAL ELECTRICA COMPLETA,Unidad,7
185569,VENTILADOR MECANICO CONVENCIONAL REGULABLE A ADULTO Y PEDIATRICO,Unidad,12
185576,VENTILADOR VOLUMETRICO DE TRANSPORTE,Unidad,8
185643,CAMA DE METAL HOSPITALARIA DE 1 PLAZA,Unidad,6
185655,CAMA DE METAL QUIRURGICA HOSPITALARIA,Unidad,7
185664,CAMILLA DE FIBRA DE VIDRIO TIPO CANASTILLA PARA RESCATE DE PACIENTE,Unidad,6
185669,CAMILLA DE MADERA RIGIDA PARA TRANSPORTE DE PACIENTE,Unidad,8
185671,CAMILLA DE METAL RODANTE CON CABECERA GRADUABLE PARA USO HOSPITALARIO,Unidad,5
185672,CAMILLA DE METAL RODANTE CON BARANDAS PARA USO HOSPITALARIO,Unidad,10
185675,CAMILLA DE METAL PORTATIL PLEGABLE PARA USO HOSPITALARIO,Unidad,5
185677,CAMILLA DE METAL TIPO CANASTILLA PARA RESCATE DE PACIENTE,Unidad,5
185697,COCHE DE PARO,Unidad,6
185727,COCHE METALICO PARA TRANSPORTE EN GENERAL DE 1.13 m X 1.25 m X 63 cm PARA USO HOSPITALARIO,Unidad,10
185794,MESA MECANICA PARA PARTOS,Unidad,14
185879,SILLA DE RUEDAS METALICA CON ASIENTO PLASTICO TEXTURADO Y ALTURA FIJA DE ARO 18,Unidad,6
185882,SILLA DE RUEDAS METALICA CON ASIENTO PLASTICO TEXTURADO Y ALTURA FIJA DE ARO 26,Unidad,7
186136,LIBRO LITERATURA,Unidad,48
192955,LIBRO CUENTOS SELECTOS,Unidad,19
196105,OXIGENO GAS MEDICINAL X 9 m3,M3,8
196107,OXIGENO GAS MEDICINAL X 10 m3,M3,26
196164,HIALURONATO SODICO 25 mg/2.5 mL INY,Unidad,5
196197,LEVETIRACETAM 500 mg TAB,Unidad,9
196198,LEVETIRACETAM 1 g TAB,Unidad,9
196233,"AMPICILINA + SULBACTAM 1 g + 0,5 g INY",Unidad,5
196241,PIPERACILINA + TAZOBACTAM 4 g + 500 mg PLV PARA SOL INY,Unidad,20
196255,AMOXICILINA +ACIDO CLAVULANICO 500 mg + 125 mg TAB,Unidad,38
196338,SULFAMETOXAZOL + TRIMETOPRIMA 800 mg + 160 mg TAB,Unidad,5
196342,SULFAMETOXAZOL + TRIMETOPRIMA (200 mg + 40 mg)/5 mL SUS 60 mL,Unidad,8
196556,BEVACIZUMAB 400 mg (16 mL) inyectable,Unidad,6
196557,BEVACIZUMAB 100 mg (4 mL) INYECTABLE,Unidad,6
196559,TACROLIMUS 1 mg TAB,Unidad,5
196578,FOLINATO CALCICO (equiv 50 mg acido folinico) INY,Unidad,5
196595,"ADALIMUMAB 40 mg (0,8 mL) INYECTABLE",Unidad,9
196602,SUNITINIB 25 mg TAB,Unidad,12
196604,FULVESTRANT 250 mg/5 mL INY 5 mL,Unidad,5
196620,CARBIDOPA + LEVODOPA 25 mg + 250 mg TAB,Unidad,10
196627,HIERRO 100 mg Fe INY 5 mL,Unidad,5
196632,FIERRO POLIMALTOSA 50 mg/mL SOL 30 mL,Unidad,12
196652,ACIDO FOLICO + FERROSO SULFATO HEPTAHIDRATO 400 mcg + 60 mg Fe TAB,Unidad,12
196656,ACIDO FOLICO 500 mcg (0.5 mg) TAB,Unidad,8
196669,DABIGATRAN ETEXILATO 110 mg TAB,Unidad,7
196682,FACTOR VIII COMPLEJO 500 UI INY,Unidad,6
196737,ETILEFRINA 10 mg/mL INY 1 mL,Unidad,5
196740,DOBUTAMINA 250 mg/20 mL INY 20 mL,Unidad,5
196769,DOXAZOSINA 4 mg TAB,Unidad,7
196777,CIPROFIBRATO 100 mg TAB,Unidad,5
196807,ACIDO FUSIDICO 2% CRM 15 g,Unidad,6
196951,SULFADIAZINA 1 % CRM 400 g,Unidad,6
196953,SULFADIAZINA 1 % CRM 50 g,Unidad,8
197054,IOPAMIDOL 370 mg Iodo/mL INY 50 mL,Unidad,13
197055,IOPAMIDOL 300 mg Iodo/mL INY 50 mL,Unidad,10
197058,IOPAMIDOL 300 mg Iodo/mL INY 100 mL,Unidad,10
197062,IOPAMIDOL 370 mg Iodo/mL INY 100 mL,Unidad,11
197221,SIMETICONA 80 mg/mL SUS 15 mL,Unidad,11
197268,SODIO FOSFATO DIBASICO + SODIO FOSFATO MONOBASICO (6 g +16 g)/100 mL SOL RECTAL 133 mL,Unidad,7
197286,ALUMINIO HIDROXIDO + MAGNESIO HIDROXIDO 400 + 400 mg/5 mL SUS 150 mL,Unidad,10
197308,SULFASALAZINA 500 mg TAB,Unidad,7
197328,ESCOPOLAMINA N-BUTILBROMURO 20 mg/mL INY 1 mL,Unidad,8
197329,N-BUTILBROMURO DE ESCOPOLAMINA 10 mg TAB,Unidad,10
197400,ESTRIOL 0.1 % CRM VAGINAL 15 g,Unidad,17
197421,METFORMINA + SITAGLIPTINA 500 mg + 50 mg TAB,Unidad,7
197472,INMUNOGLOBULINA HUMANA NORMAL 10 g/100 mL INY 50 mL,Unidad,5
197476,INMUNOGLOBULINA HUMANA NORMAL 5 g INY 100 mL,Unidad,28
197574,"HIPROMELOSA (HIDROXIPROPILMETILCELULOSA) 0,3% SOL OFT 15 mL",Unidad,24
197677,SOLUCION PARA HEMODIALISIS CON BICARBONATO SOL 4 L,Unidad,10
197678,SOLUCION PARA HEMODIALISIS ACIDA SOL 4 L,Unidad,22
197741,ESCITALOPRAM 10 mg TAB,Unidad,7
197751,SURFACTANTE PULMONAR DE ORIGEN NATURAL 25 mg/mL INY 8 mL,Unidad,5
197869,SOLUCION POLIELECTROLITICA INY 1 L,Unidad,7
197899,"BICARBONATO DE SODIO 8,4 % (8,4 g/100 mL) INY 20 mL",Unidad,5
197943,HIDROXOCOBALAMINA 1 mg/mL INY 1 mL,Unidad,8
198017,CALCITRIOL 0.25  mcg TAB,Unidad,18
198363,FLUTICASONA + SALMETEROL 125 mcg + 25 mcg/dosis AER PARA INHALACION 120 Dosis,Unidad,7
198364,FLUTICASONA + SALMETEROL 250 mcg + 25 mcg/dosis AER PARA INHALACION 120 Dosis,Unidad,5
198678,CALAMINA + ZINC OXIDO 15 g + 5 g/100 g SOL 500 mL,Unidad,8
198959,DORZOLAMIDA + TIMOLOL 20 mg/ml + 5 mg/mL SOL OFT 5 mL,Unidad,7
199730,HIDROCLOROTIAZIDA + VALSARTAN 12.5 mg + 80 mg TAB,Unidad,5
199868,"ESTRADIOL + MEDROXIPROGESTERONA 5 mg + 25 mg/0,5 mL INY 0,5 mL",Unidad,5
199876,TAMSULOSINA 0.4 mg TAB LIB PRO,Unidad,10
200016,RIVASTIGMINA 18 mg (9.5 mg/24 h) PARCHE,Unidad,5
200187,ACIDO ZOLEDRONICO 4 mg INY,Unidad,5
200200,MORFINA CLORHIDRATO 10 mg INY 1 mL,Unidad,6
200213,BUPRENORFINA 35 mcg/H (20 mg COMO SAL) PARCHE,Unidad,7
200216,HIDROCORTISONA 100 mg INY,Unidad,5
200229,CILASTATINA + IMIPENEM 500 mg + 500 mg INY,Unidad,10
200292,SOLUCIONES PARA NUTRICION PARENTERAL INY 500 mL,Unidad,14
200295,SOLUCIONES PARA NUTRICION PARENTERAL INY 2 L,Unidad,5
200323,ANALIZADOR DIGITAL GENETICO,Unidad,10
200349,BALANZA ANALITICA DIGITAL HASTA 120 g SENSIBILIDAD 0.1 mg,Unidad,6
200429,CORRENTOMETRO ELECTRICO PORTATIL VARILLA DE 1.8 m,Unidad,11
200519,ESPECTROFLUOROMETRO,Unidad,6
200527,ESTACION TOTAL,Unidad,51
200622,MEDIDOR  DIGITAL MULTIPARAMETRO  DE PH/ION/CONDUCTIVIDAD/OXIGENO/ORP ELECTROQUIMICO,Unidad,10
201880,BUTACA DE POLIPROPILENO PARA EMPOTRAR EN TRIBUNA,Unidad,10
202154,BIDON DE PLASTICO DE 80 L,Unidad,5
202502,ESTRUCTURA DE TOLDO MOVIL DE FIERRO DE 12.00 m X 12.00 m,Unidad,5
203029,ANALIZADOR DIGITAL DE PROTEINAS/NITROGENO,Unidad,5
203042,BOMBA FUMIGADORA MANUAL TIPO MOCHILA DE 10 L,Unidad,5
203121,EQUIPO DE RAYOS X DIGITAL PANORAMICO RODABLE ARCO EN C PARA RADIOGRAFIA,Unidad,11
203137,ESTUFA DIGITAL DE VACIO X 200 C APROX. PARA USO DE LABORATORIO,Unidad,6
203178,MOTOR FUERA DE BORDA DE 115 HP,Unidad,5
203371,CAMION FURGON PARA CARGA DE 6 t,Unidad,14
203379,MOTOCICLETA DE 150 cm3,Unidad,73
203380,MOTOCICLETA DE 250 cm3,Unidad,35
203382,OMNIBUS DE 50 PASAJEROS,Unidad,10
203383,MINIBUS DE 30 PASAJEROS,Unidad,16
208445,MODULO DE AMPLIACION DE 24 PUERTOS PARA SWITCH CORE,Unidad,5
208770,DATA SWITCH AUTOMATICO DE 24 PUERTOS,Unidad,11
208771,DATA SWITCH AUTOMATICO DE 48 PUERTOS,Unidad,35
210477,CASACA DE CUERO CROMO PARA SOLDADOR,Unidad,11
210521,GUANTE DE JEBE TALLA 10 LARGO,Unidad,6
210896,JAULA DE PLASTICO DE 0.70 m X 0.79 m X 1.02 m APROX. PARA TRANSPORTE DE ANIMALES,Unidad,7
210960,SEMEN DE BOVINO RAZA BRAHAMAN BLANCO EN PAJILLA,Unidad,5
211113,HORMONAS PMSG PARA INSEMINACION ARTIFICIAL PARA GANADO VACUNO PARA USO VETERINARIO,Unidad,7
211181,GALLINA DE POSTURA,Unidad,17
211182,GALLINA REPRODUCTORA,Unidad,6
211221,OVA EMBRIONARIA DE TRUCHA ARCO IRIS,Millar,12
211539,BOTA DE CUERO CON PUNTA REFORZADA PARA CABALLERO,Unidad,21
211721,BOTIN DE CUERO DIELECTRICO DE 22 KV PUNTA ESTANDAR,Unidad,5
211738,BOTIN DE CUERO CON PUNTA DE ACERO PARA CABALLERO,Unidad,20
211866,ZAPATILLA DE CUERO PARA CABALLERO,Unidad,6
211965,ZAPATILLA DE LONA PARA CABALLERO,Unidad,8
212081,MOCHILA DE LONA IMPERMEABLE,Unidad,17
212086,MOCHILA DE POLIESTER,Unidad,16
212088,MOCHILA DE NAILON IMPERMEABLE,Unidad,15
212102,MOCHILA DE DRIL,Unidad,13
218519,FILTRO DE ACEITE DE MOTOR DE TRACTOR ORUGA,Unidad,15
218521,FILTRO DE ACEITE DE TRANSMISION DE CARGADOR FRONTAL,Unidad,6
219963,ANALIZADOR DE ESPECTROS PORTATIL,Unidad,8
220004,CAMARA DE GASES DE CIANOCRILATO PARA LABORATORIO,Unidad,6
220073,EQUIPO ADMINISTRADOR DE ANCHO DE BANDA - BANDWIDTH MANAGER,Unidad,5
220080,EQUIPO DE POSICIONAMIENTO - GPS MAPEADOR,Unidad,5
220088,EQUIPO DIGITAL DE SISTEMA DE POSICION EN TIERRA-GPS,Unidad,7
220163,PANEL SOLAR DE 130 W,Unidad,7
220164,PANEL SOLAR DE 400 W,Unidad,9
220165,PANEL SOLAR DE 640 W,Unidad,7
220226,SISTEMA INTEGRAL DE PROYECCION DIGITAL - DIGITAL WALL DISPLAY,Unidad,10
220266,TABLERO ELECTRICO DE CONTROL TRIFASICO DE 54 POLOS,Unidad,9
220337,UNIDAD COMBINADORA DE AUDIO Y VIDEO,Unidad,8
224829,TUBO CUADRADO DE FIERRO DE 2 mm X 2 in X 2 in X 6 m,Unidad,5
224857,TUBO RECTANGULAR DE FIERRO DE 3.2 mm X 1 in X 2 in X 6 m,Unidad,7
233233,TUBO ESTRUCTURAL REDONDO GALVANIZADO DE 2 in CON ESPESOR DE 2 mm Y LONGITUD DE 6 m.,Unidad,5
233280,DIESEL B5 S-50,Galon,4559
233337,METILPREDNISOLONA 500 mg INY SIN SOLVENTE,Unidad,9
233356,ADOQUIN DE CONCRETO PEATONAL DE 20 cm x 10 cm x 6 cm,Unidad,25
233358,ADOQUIN DE CONCRETO VEHICULAR LIGERO DE 20 cm x 10 cm x 6 cm,M2,11
233555,TIERRA ARCILLOSA CON ARENA MEZCLADA,M3,6
234077,ARENA DE RIO,M3,17
234083,LADRILLO DE ARCILLA KING KONG DE 12 cm  X 20 cm  X 40 cm,Unidad,17
234094,PIEDRA DE 6 in A 10 in,M3,14
234097,"PIEDRA DE 6""",M3,9
234100,"PIEDRA OVER, REDONDEADA DE RIO",M3,10
234123,CEMENTO PORTLAND TIPO V X 42.50 kg,Unidad,12
234149,GEOMALLA DE POLIESTER REVESTIDA DE PVC DE 45 mm X 40 mm,M2,14
236098,CARRO DE JUGUETE DE PLASTICO X 6 PIEZAS,Unidad,5
236607,RELE DE PROTECCION DE 110 V 60 Hz,Unidad,7
236684,SOLUCION TAMPON (BUFFER) pH 10.00,Unidad,6
237053,MANGUERA DE POLIETILENO DE 16 mm,Unidad,10
237054,MANGUERA DE POLIETILENO CLASE 10 DE 4 in,Unidad,6
237055,MANGUERA DE POLIETILENO DE 63 mm,Unidad,6
237183,KIT DIDACTICO DE ROBOTICA,Unidad,8
237993,UNIFORME DE LANILLA DE OFICIAL PARA CABALLERO,Unidad,10
238118,ESPADA DE METAL PARA OFICIAL,Unidad,8
238422,COMPRESA DE GASA QUIRURGICA RADIOPACA ESTERIL 48 cm X 48 cm APROX. PARA USO HOSPITALARIO,Unidad,10
238607,EQUIPO DE VENOCLISIS CON ALTO FLUJO,Unidad,5
239475,CA 125 REACTIVO,Unidad,16
239909,DASATINIB 70 mg TAB,Unidad,6
240027,INSULINA ISOFANA HUMANA ADN RECOMBINANTE 100 UI/ mL INY 10 mL,Unidad,13
240174,EQUIPO DE ENDOSCOPIA - SIMULADOR ENDOTRAINER,Unidad,5
240178,EQUIPO DE INFUSION SIN VOLUTROL MICROGOTERO,Unidad,7
240333,ESTANDAR DE SECUENCIAMIENTO PARA ANALIZADOR GENETICO 3500,Unidad,5
240867,TERMA SOLAR DE 120 L,Unidad,6
241233,LECHE FRESCA SIN LACTOSA,Litro,80
242117,GABINETE DE SERVIDORES DE METAL DE PISO DE 42 RU,Unidad,5
242404,ACEITE PARA SISTEMA HIDRAULICO ISO 10,Unidad,5
242477,POSTE DE GUARDAVIAS DE ACERO GALVANIZADO DE 1.80 m X 14 cm X 6 cm,Unidad,6
242748,ALIMENTO BALANCEADO ENGORDE PARA PECES,Kilogramo,9
242952,GAVION DE 1 m X 1 m X 5 m,Unidad,7
242962,GEOMEMBRANA DE HDPE DE 1 mm,M2,43
242963,GEOMEMBRANA DE HDPE DE 2 mm,M2,22
243011,SEMILLA DE PALTO - PERSEA AMERICANA VARIEDAD TOPA TOPA,Unidad,11
247107,SOPORTE DE METAL TIPO PATA PARA MOBILIARIO DE OFICINA,Unidad,10
247346,VIDRIO TEMPLADO DE 6 mm,M2,6
248674,MEDIDOR DE CAUDAL TIPO HELICE PARA TUBERIAS CERRADAS,Unidad,5
248679,MEDIDOR DIGITAL DE MULTIPLES GASES,Unidad,6
250880,MONITOR DE FUNCIONES VITALES NEONATAL CON 3 PARAMETROS FIJO PARA USO INTRAHOSPITALARIO,Unidad,5
251337,MOTOCICLETA DE 125 cm3,Unidad,12
252205,ORFENADRINA CITRATO 100 mg TAB LIB PRO,Unidad,17
252359,PRUEBA RAPIDA PARA DIAGNOSTICO DE SIFILIS (RPR) METODO INMUNOENZIMATICO,Unidad,7
252360,PRUEBA RAPIDA PARA HELICOBACTER PYLORI METODO DEL ALIENTO CON UREA,Unidad,16
252600,SOFTWARE (INC. LICENCIA) ANTIVIRUS Y ANTISPAM,Unidad,5
252725,TARJETA DE CARTULINA OPALINA DE 15 cm X 23 cm APROX.,Unidad,8
253107,"REACTIVO DE BIOLOGIA MOLECULAR PARA TAMIZAJE DE VIH, HCV, HVB EN DONANTES DE SAGRE",Unidad,13
253110,REACTIVO PARA ANALIZADOR HEMATOLOGICO DE 20 PARAMETROS,Unidad,10
253312,TELEVISOR LED DE 55 in,Unidad,5
253470,GUIA DE ENTREGA DEL PROGRAMA VASO DE LECHE,Unidad,12
253531,SOLUCION DE GUADINA PARA EXTRACCION DE ADN GENOMICO,Unidad,10
254118,EQUIPO DE POSICIONAMIENTO - GPS NAVEGADOR,Unidad,10
254119,EQUIPO DE POSICIONAMIENTO - GPS SUBMETRICO,Unidad,6
254131,"VENTILADOR MECANICO CONVENCIONAL REGULABLE A ADULTO , PEDIATRICO Y NEONATAL",Unidad,11
254143,ZINC SULFATO 10 mg de Zn/5 mL SOL 100 mL,Unidad,5
254145,EQUIPO DE VIDEOCONFERENCIA CODEC DE 1 SALIDA,Unidad,5
255610,CAMARA DE VIGILANCIA TIPO TUBO EXTERIOR A COLOR ALTA RESOLUCION,Unidad,5
255611,CAMARA DE VIGILANCIA TIPO DOMO INTERIOR A COLOR ALTA RESOLUCION,Unidad,7
256578,NIVEL TOPOGRAFICO AUTOMATICO,Unidad,8
257740,MALLA DE ALAMBRE CUADRADA SOLDADA DE ACERO GALVANIZADO DE 1/4 in X 1/4 in X 3/64 in X 1.00 m,Unidad,25
257935,CABLE DE RED UTP CAT 6A,Unidad,5
257982,CAMARA DE VIDEO DIGITAL TIPO PROFESIONAL DE ALTA DEFINICION,Unidad,9
258041,ADITIVO ADHERENTE PARA ASFALTO,Galon,16
258052,CONCRETO PREMEZCLADO FC 100 kg/cm2,M3,12
258053,CONCRETO PREMEZCLADO FC 140 kg/cm2,M3,18
258291,SELLADOR ELASTOMERICO DE JUNTAS A BASE DE POLIURETANO,Unidad,24
258451,VENTANA DE MADERA AGUANO BATIENTE CON VIDRIO SIMPLE DE 6mm,Unidad,6
259159,TERRAZO PREMEZCLADO,Unidad,6
259255,CEMENTO PORTLAND TIPO MS X 42.50 kg,Unidad,86
259652,CHALECO ANTIMOTIN,Unidad,9
260475,TABLERO CONTRACHAPADO DE MADERA FENOLICO CLASE A/A DE 18 mm X 1.22 m X 2.44 m,Unidad,7
261418,TRICLABENDAZOLE + IVERMECTINA + FEBENDAZOLE 10% + 2% + 10% X 1 L PARA USO VETERINARIO,Unidad,6
261426,RECONSTITUYENTE GENERAL Y COMPLEJO ENERGETICO SOL INY 100 mL PARA USO VETERINARIO,Unidad,5
261714,ALAMBRE CONCERTINA DE ACERO INOXIDABLE,Unidad,12
261845,ARROZ PILADO EXTRA,Kilogramo,95
263104,ESCRITORIO DE MELAMINA CON EXTENSION,Unidad,5
265517,REACTIVO PROTEINA EN ORINA Y LCR,Unidad,8
265622,GASA FRACCIONADA ESTERIL 10 cm X 10 cm DE 8 PLIEGUES X 10 UNI,Unidad,6
265689,AZACITIDINA 100 mg PLV PARA SOL INY,Unidad,6
265769,JUEGO RECREATIVO CUBO CON TOBOGAN DE PLASTICO PARA NIÑOS,Unidad,12
267636,ASERRADERO PORTATIL DE 20 HP,Unidad,10
267821,AUTOHORMIGONERA DE 4 m3,Unidad,16
267823,AUTOMOVIL MODELO SEDAN DE 1350 cm3,Unidad,5
267824,AUTOMOVIL MODELO SEDAN DE 2500 cm3,Unidad,8
267825,CAMIONETA TIPO SUV 4 X 2,Unidad,25
267830,MOTOCICLETA DE 110 cm3,Unidad,6
268347,MADERA EUCALIPTO DE 2 in X 3 in X 26 ft,Unidad,10
268822,CARNE DE PAVO FRESCA CORTE PECHUGA,Kilogramo,9
269382,GUIA DE ACERO INOXIDABLE HIDROFILICA 0.014 mm X 180 cm PARA ANGIOPLASTIA,Unidad,5
269492,PLANTON DE PINO - PINUS RADIATA,Unidad,14
271050,CAMA DE METAL RODABLE PARA PARTO ELECTRICA,Unidad,7
271952,EQUIPO DE AFERESIS AUTOMATIZADO CON ANTICOAGULANTE Y SOLUCION DE SODIO POR FLUJO CONTINUO PARA OBTENCION DE PLAQUETAS,Unidad,28
273269,OMNIBUS DE 34 PASAJEROS,Unidad,11
273276,OMNIBUS DE 55 PASAJEROS,Unidad,5
273803,REFRIGERADORA ELECTRICA VERTICAL DE +0 C A 13 C X 250 L APROX. PARA  CONSERVAR MEDICAMENTOS,Unidad,6
273804,REFRIGERADORA ELECTRICA VERTICAL DE +0 C A 13 C X 310 L APROX. PARA  CONSERVAR MEDICAMENTOS,Unidad,6
274914,MOTOCICLETA DE 123 cm3,Unidad,5
274915,MOTOCICLETA DE 196 cm3,Unidad,6
274916,MOTOCICLETA DE 245 cm3,Unidad,10
274929,PILADORA DE CAFE,Unidad,7
275216,IMIGLUCERASA 400 UI INY,Unidad,8
275456,MONTACARGA DE 2 t,Unidad,5
275460,CONTENEDOR DE POLIETILENO DE 1200 L,Unidad,8
275466,TRIMOTO DE CARGA,Unidad,65
275666,CONTENEDOR ESTANDAR DE POLIETILENO CON TAPA Y RUEDAS DE 1100 L,Unidad,14
275697,CUATRIMOTO DE 400 cm3,Unidad,16
275712,GRUPO ELECTROGENO TRIFASICO DE 80 KW,Unidad,5
277092,FERTILIZANTE CON MATERIA ORGANICA + EXTRACTO HUMICO + ACIDO HUMICO + ACIDO FULVICO AL 90% + 28.8% + 4.8% + 24%,Unidad,9
277920,MESA METALICA DE 60 cm X 90 cm X 1.20 m PARA USO QUIRURGICO,Unidad,9
278002,AZUCAR RUBIA DOMESTICA,Kilogramo,79
278171,ALPACA HUACAYA MACHO,Unidad,64
278174,OVINO CORRIEDALE MACHO,Unidad,23
278175,OVINO CORRIEDALE HEMBRA,Unidad,34
278176,BOVINO BROWN SWISS MACHO,Unidad,18
278215,VARA YEMERA DE CACAO - THEOBROMA CACAO CLON CCN - 51,Unidad,7
278249,REACTIVO PARA EXTRACCION DE ARN,Unidad,11
278403,LENALIDOMIDA 10 mg TAB,Unidad,7
278421,METOTREXATO (SIN PRESERVANTES) 50 mg INY 2 mL,Unidad,8
278422,METOTREXATO 500 mg INY,Unidad,5
278665,FACTOR IX CONCENTRADO HUMANO 500 UI INY,Unidad,5
279070,MADERA CAPIRONA DE 2 in X 2 in X 10 ft,Unidad,6
279603,REFRIGERADORA CONGELADOR FOTOVOLTAICO VERTICAL DE +0 C A 13 C X 128 L APROX. PARA  MUESTRAS DE LABORATORIO,Unidad,5
279790,PUERTA DE MADERA AGUANO CONTRAPLACADA BATIENTE DE 1 HOJA,Unidad,37
280464,PLANCHA DE ACERO GALVANIZADO ONDULADA DE 3600 mm X 800 mm X 0.22 mm,Unidad,10
280736,ALUMINIO HIDROXIDO + MAGNESIO HIDROXIDO 400 - 400 mg/5 mL SUS 120 mL,Unidad,8
280787,COLMENA DE MADERA TIPO LANGSTROTH DE 10 CUADROS,Unidad,58
280816,JAULA DE ACERO INOXIDABLE DE 40 cm X 50 cm X 60 cm APROX. PARA PECES,Unidad,7
280841,PORTA NUCLEO DE ABEJAS DE MADERA DE 5 CUADROS,Unidad,13
280925,IONOMERO DE VIDRIO FOTOCURABLE POLVO-LIQUIDO DE 12 g/5 mL PARA RESTAURACION,Unidad,5
280941,MANTA TERMICA ADULTO 1.74 m X 1.94 m,Unidad,6
281056,JUEGO DE INSTRUMENTOS MUSICALES DE PLASTICO X 4 PIEZAS,Unidad,5
281402,FIERRO POLIMALTOSA 50 mg/mL SOL 20 mL,Unidad,10
281418,LIDOCAINA + EPINEFRINA 2 % + 1:80 000 INY,Unidad,8
281731,CESPED SINTETICO X 4 m DE ANCHO,M2,345
281781,TUBO DE ACERO GALVANIZADO 2 in X 6 m,Unidad,5
281782,TUBO DE ACERO GALVANIZADO 3 in X 6 m,Unidad,6
282666,PIEDRA ZARANDEADA DE 1 1/2 in,M3,7
283093,CAMIONETA TIPO MINIVAN DE 11 ASIENTOS,Unidad,27
283157,TOTEM MULTIMEDIA,Unidad,11
283812,MALLA RASCHEL AL 80% X 4 m COLOR VERDE,Unidad,22
285028,FUMIGADORA GENERADORA DE NIEBLA TERMICA,Unidad,5
286158,PLANCHA DE ACERO ASTM A36 1/4 in X 2 m X 6 m,Unidad,8
286194,REFRIGERADORA CONSERVADORA DE REACTIVOS DE 319 L,Unidad,22
286309,PIEDRA DE 8 in,M3,16
286787,GASOHOL 84 PLUS,Galon,9
286788,GASOHOL 90 PLUS,Galon,130
286789,GASOHOL 95 PLUS,Galon,9
287379,MAQUINA DE CORTE POR PLASMA DE 12 mm X 1.00 m X 2.00 m 60 A,Unidad,6
287570,PORCINO DUROC HEMBRA,Unidad,9
287573,PORCINO LANDRACE HEMBRA,Unidad,12
288526,SOFTWARE (INC. LICENCIA) PARA ANTIVIRUS DE ESTACION DE TRABAJO,Unidad,5
288736,BOTIN DE CUERO DIELECTRICO DE 18 KV PUNTA ESTANDAR,Unidad,9
288764,TIRA REACTIVA PARA GLUCOMETRO PORTATIL,Unidad,13
289111,PROCALCITONINA QUIMIOLUMINISCENCIA,Unidad,5
289129,JERINGA DESCARTABLE DE PERFUSION 20 mL,Unidad,5
289548,PIEDRA DE 6 in A 8 in,M3,17
289549,PIEDRA DE 3 in,M3,5
289796,SOLUCION DE ALMACENAMIENTO EXTERNO DAS - DIRECT ATTACHED STORAGE,Unidad,7
289885,MONITOR DE FUNCIONES VITALES ADULTO CON 5 PARAMETROS  DE TRANSPORTE PARA USO EXTRAHOSPITALARIO,Unidad,5
289899,CATALOGO DE JUGUETES,Unidad,6
293556,TELEVISOR LED DE 65 in,Unidad,6
293731,TUBO CORRUGADO DESCARTABLE DE 1.60 m PARA EQUIPO DE ANESTESIA,Unidad,13
293744,HEMOGRAMA AUTOMATIZADO DIFERENCIAL 5 ESTIRPES y 25 PARAMETROS PARA USO DE LABORATORIO CLINICO,Unidad,148
296004,EQUIPO DE RAYOS X DENTAL RODABLE PARA USO CLINICO,Unidad,13
296502,MICROCUBETA DE PLASTICO DESCARTABLE PARA HEMOGLOBINOMETRO 10 uL,Unidad,70
296509,CATETER VENOSO CENTRAL DE POLIURETANO DOBLE LUMEN 12 FR X 15 cm,Unidad,8
296515,CATETER VENOSO CENTRAL TRIPLE LUMEN 7 FR X 20 cm.,Unidad,10
298374,VENTANA DE ALUMINIO CORREDIZA CON VIDRIO TEMPLADO DE 6 mm,M2,6
298417,ACEITE DE MOTOR SAE 20W 50,Unidad,6
298820,VALE DE CONSUMO DE ALIMENTOS,Unidad,287
298973,BALON DE ACERO 1 m3 DE PARA OXIGENO MEDICINAL,M3,8
298986,BALON DE ACERO 10 m3 DE PARA OXIGENO MEDICINAL,M3,8
299531,MAQUINA CLASIFICADORA DE CAFE,Unidad,5
299753,SODIO CLORURO 900 mg/100 mL ((0.9 %) INY CIRCUITO CERRADO 250 mL,Unidad,6
299754,SODIO CLORURO 900 mg/100 mL (0.9 %) INY CIRCUITO CERRADO 500 mL,Unidad,5
299755,SODIO CLORURO 900 mg/100 mL ((0.9 %) INY CIRCUITO CERRADO 1 L,Unidad,10
299847,ANALIZADOR DIGITAL HEMATOLOGICO PORTATIL 9 PARAMETROS,Unidad,9
300108,ACIDO TRANEXAMICO 1 g INY 10. mL,Unidad,9
301004,PRUEBA RAPIDA PARA DETECCION DE VIH SIFILIS METODO CASETE SUERO/PLASMA/SANGRE TOTAL,Unidad,18
301033,LADRILLO DE ARCILLA KING KONG DE 9 cm X 12 cm X 24 cm,Unidad,22
301127,MANGUERA REDONDA DE POLIETILENO DE 3 in,Unidad,5
301216,PUNZON QUIRURGICO EN S PUNTA CUADRANGULAR 29 cm,Unidad,5
301932,INJERTO OSEO DE FOSFATO DE CALCIO PARA HUESO ESPONJOSO 10 mL,Unidad,13
303977,EMBRION DE GANADO VACUNO RAZA BROWN SWISS,Unidad,8
304096,LIDOCAINA CLORHIDRATO 2 g/100 mL GEL 10 mL,Unidad,5
305108,EQUIPO DE ORDEÑO FIJO,Unidad,5
305131,ESCRITORIO DE MELAMINA CON CAJONERA,Unidad,15
305538,TANQUE DE AGUA CILINDRICO RIGIDO DE POLIETILENO DE 10000 L,Unidad,8
305958,SUERO CONTROL PATOLOGICO PARA PCR,Unidad,10
307453,LECHE EVAPORADA ENTERA X 400 g  APROX.,Unidad,1904
307479,EQUIPO DE ORDEÑO MOVIL,Unidad,12
307667,TANQUE DE AGUA CILINDRICO FLEXIBLE DE 20000 L,Unidad,7
307872,PUERTA DE FIERRO BATIENTE DE 2 HOJAS,Unidad,6
308983,ESPECTROFOTOMETRO DIGITAL DIFRACTOR DE RAYOS X,Unidad,7
309058,CATETER VENOSO CENTRAL DOBLE LUMEN DE LARGA PERMANENCIA PARA HEMODIALISIS 14 FR X 28 cm,Unidad,5
309138,LIBRO DECORACION DE TORTAS Y SOUVENIRS,Unidad,5
310056,ENZIMA ADN POLIMERASA TERMOACTIVABLE DE ALTA FIDELIDAD,Unidad,9
310131,TUBO DE POLIPROPILENO X 225 mL PARA CENTRIFUGA,Unidad,5
310277,ENZIMA ADENOSINA DEAMINASA (ADA),Unidad,5
310651,TARJETA DE CONSUMO PARA PRODUCTOS PERECIBLES Y/O NO PERECIBLES,Unidad,78
311180,BIODIGESTOR DE POLIETILENO DE 600 l,Unidad,92
311240,MEDIDOR DIGITAL DE AGUA POTABLE DE CHORRO UNICO DE 1 1/2 in,Unidad,10
311266,RIEL DE ACERO GALVANIZADO 65 mm X 45 cm X 3.00 m,Unidad,5
311339,GAS LICUADO DE PETROLEO EN BALON DE 10 kg,Kilogramo,8
311842,MADERA EUCALIPTO DE 1 1/2 in X 10 in X 13 ft,Unidad,5
312450,LECHE EVAPORADA DESCREMADA X 400 g  APROX.,Unidad,50
313397,VALE DE CONSUMO PARA UTILES ESCOLARES,Unidad,8
314006,GEOMEMBRANAS DE ALTA DENSIDAD PEAD O HDPE 0.5 mm APROX.,M2,5
314031,HOJUELA DE AVENA CON QUINUA,Kilogramo,144
314045,"ALIMENTO INFANTIL INSTANTANEO EN POLVO A BASE DE LECHE CON CEREALES: ARROZ, QUINUA, MAIZ Y FORTIFICADO CON VITAMINAS Y MINERALES PARA PREVENIR LA ANEMIA Y DESNUTRICION CRONICA",Kilogramo,12
314284,SUERO ANTIOFIDICO POLIVALENTE INY,Unidad,11
314812,PURIFICADOR DE AGUA ULTRA PURA A PARTIR DE AGUA DESTILADA 1.5 L/min,Unidad,6
315597,MALLA DE ALAMBRE CUADRADA TEJIDA DE FIERRO GALVANIZADA DE 2 in X 2 in X 3/32 in X 2.10 m,Unidad,6
315627,TUBO DE ACERO 1 1/4 in X 3 m,Unidad,6
316401,PANEL SOLAR DE 140 W,Unidad,5
316440,CHALECO DE DRIL CON CINTA REFLECTIVA,Unidad,31
316909,TANQUE CILINDRO DE ACERO INOXIDABLE DE 1000 L,Unidad,10
317131,VALE DE CONSUMO PARA VESTUARIO,Unidad,17
317206,MOTOR FUERA DE BORDA DE 250 HP,Unidad,7
317221,CAMION FURGON PARA CARGA DE 4 t,Unidad,24
317222,CAMION FURGON PARA CARGA DE 3 t,Unidad,9
317223,CAMION FURGON PARA CARGA DE 2 t,Unidad,12
317255,MASCARILLA DE PROTECCION CONTRA POLVO Y PARTICULAS LIQUIDAS DESCARTABLE,Unidad,5
317270,CARPETA UNIPERSONAL DE METAL,Unidad,6
317621,ARROZ PILADO CORRIENTE,Kilogramo,58
317805,MALLA CUADRADA DE NAILON DE 1 in X 5 m X 5 m X 5 m,Unidad,5
318404,SOFTWARE (INC. LICENCIA) PARA ACCESO A SERVICIOS DE SERVIDORES,Unidad,8
318469,INJERTO OSEO DE TIRA ILIACA TRICORTICAL CADAVERICO DE 10 mm X 20 mm X 27 mm PARA RECONSTRUCCION QUIRURGICA,Unidad,5
318699,FORMULA DE NUTRICION ENTERAL POLIMERICA PEDIATRICA,Kilogramo,6
318753,CATETER VENOSO CENTRAL DE POLIURETANO DOBLE LUMEN 14 FR X 28 cm,Unidad,5
319364,PRUEBA RAPIDA PARA DETECCION DE ANTIGENO NS1 DENGUE TIPO CASSETTE,Unidad,10
319808,CHOCOLATE EN BARRA SIN AZUCAR,Unidad,5
321690,REACTIVO PARA HEPATITIS C ANTIGENO CORE IgG QUIMIOLUMINISCENCIA,Unidad,5
322261,ESTAMPADOR DE CERA DE ABEJA TIPO WAFLERA DE 20 cm X 40 cm,Unidad,7
322405,SOFTWARE (INC. LICENCIA) PARA ANTIVIRUS DE SERVIDOR,Unidad,6
322827,CAMILLA DE METAL CON SISTEMA HIDRAULIC O DE TRANSFERENCIA DE PACIENTE PARA USO HOSPITALARIO,Unidad,6
323066,SISTEMA CERRADO DE DRENAJE POST QUIRURGICO DESCARTABLE 400 mL X 48 mm,Unidad,8
323198,"ACIDO GADOTERICO 0,5 mmol/ mL INY 15 mL",Unidad,5
323203,ANALIZADOR DIGITAL BIOQUIMICO AUTOMATIZADO,Unidad,29
323217,CROMATOGRAFO LIQUIDO DE ALTA PERFORMANCE - HPLC,Unidad,6
323258,MICOFENOLATO 500  mg TAB,Unidad,12
323264,OXIGENO GAS MEDICINAL X 1 m3,M3,52
323308,SONOMETRO DIGITAL RANGO 35 -135 Db PARA DETECCION DE RUIDO AMBIENTAL,Unidad,5
323638,ANTICUERPO MONOCLONAL ANTI ADN INMUNOFLUORESCENCIA (IFA),Unidad,8
323694,APOSITO DE POLIURETANO TRANSPARENTE CON GLUCONATO DE CLORHEXIDINA 8.5 cm X 11.5 cm PARA USO EN HERIDAS,Unidad,5
323818,CAMARA DE VIDEO DIGITAL DE 16 APROX. MEGAPIXELES,Unidad,5
324122,JERINGA DE POLIPROPILENO TIPO DESCARTABLE DE INSULINA 0.5 mL CON AGUJA 31 g X 15/64 in,Unidad,10
325016,CAMARA FRIGORIFICA 2 PUERTAS DE 8 ft X 10 ft X 8 ft,Unidad,5
325237,AMBIENTE PREFABRICADO DE ALUMINIO DE 4.00 m X 5.00 m,Unidad,7
325767,TRAJE DESCARTABLE PARA PROTECCION CONTRA QUIMICOS NIVEL C,Unidad,8
325870,CASCO PARA MOTOCICLISTA CON VISOR  Y MENTONERA,Unidad,8
327280,PRUEBA RAPIDA EN FLUIDO ORAL PARA VIH 1-2 METODO INMUNOENZIMATICO,Unidad,5
327386,ANALIZADOR DIGITAL DE LA ACTIVIDAD DEL AGUA,Unidad,6
327710,PROTECTOR SOLAR FPS 90,Unidad,23
329641,GUANO DE ISLA,Unidad,8
329897,EMULSION ASFALTICA CATIONICA CSS-1,Galon,14
329898,EMULSION ASFALTICA CATIONICA CSS-1h,Galon,42
329911,FRIJOL CASTILLA CALIDAD 1 - EXTRA,Kilogramo,8
329912,FRIJOL CASTILLA CALIDAD 2 - SUPERIOR,Kilogramo,31
329913,FRIJOL CASTILLA CALIDAD 3 - CORRIENTE,Kilogramo,6
329915,FRIJOL PANAMITO CALIDAD 2 - SUPERIOR,Kilogramo,5
329917,HABA ENTERA SECA CALIDAD PRIMERA,Kilogramo,27
329918,HABA ENTERA SECA CALIDAD SEGUNDA,Kilogramo,35
329920,PAPA CANCHAN CALIDAD EXTRA,Kilogramo,7
329921,PAPA CANCHAN CALIDAD PRIMERA,Kilogramo,9
329933,PAPA YUNGAY CALIDAD PRIMERA,Kilogramo,5
329935,ASFALTO LIQUIDO CUT-BACK GRADO MC- 250,Galon,14
329939,CEMENTO ASFALTICO 60/70 PEN,Galon,32
329940,CEMENTO ASFALTICO 85/100 PEN,Galon,34
329941,CEMENTO ASFALTICO 120/150 PEN,Galon,32
329943,EMULSION ASFALTICA CATIONICA CRS-1,Galon,8
329944,EMULSION ASFALTICA CATIONICA CRS-2,Galon,7
330047,CASETA DE VIGILANCIA DE MADERA,Unidad,5
330178,PRUEBA RAPIDA INMUNOCROMATOGRAFICA CONFIRMATORIA DE SANGRE HUMANA X 25 DETERMINACIONES,Unidad,7
330409,ARVEJA PARTIDA CALIDAD EXTRA,Kilogramo,29
330410,ARVEJA PARTIDA CALIDAD SUPERIOR,Kilogramo,27
330415,LENTEJA CALIDAD EXTRA,Kilogramo,20
330416,LENTEJA CALIDAD SUPERIOR,Kilogramo,56
330932,"ESPECTROFOTOMETRO DIGITAL CUANTIFICADOR DE ADN, ARN Y PROTEINAS",Unidad,5
331371,PLANTA DE TRATAMIENTO DE AGUA,Unidad,9
331417,CARAMBOLA CATEGORIA EXTRA,Unidad,5
331425,MAIZ AMARILLO DURO GRADO 2 PARA ALIMENTO DE ANIMALES,Kilogramo,6
331452,PALLAR CALIDAD EXTRA,Kilogramo,5
331467,ABIRATERONA 250 mg TAB,Unidad,8
331480,FINGOLIMOD 0.5 mg TAB,Unidad,7
331485,"MACROGOL COMBINACIONES SIN SODIO SULFATO 105 g + 0,37 g + 2,8 g PLV 110 g",Unidad,14
331487,"NEPAFENACO  0,1 % SUS OFT 5 mL",Unidad,5
331494,SITAGLIPTINA 100 mg TAB,Unidad,10
331537,FERTILIZANTE UREA NITROGENO AL 46%,Unidad,10
332037,GEOMEMBRANAS DE ALTA DENSIDAD PEAD O HDPE 1.5 mm APROX.,M2,5
332047,UNIFORME DIGITALIZADO PARA INSTRUCCION,Unidad,9
333167,PECHUGA DE POLLO EN TROZOS EN ACEITE VEGETAL,Unidad,5
333200,SUCEDANEO DE LA LECHE MATERNA CON LACTOSA,Unidad,7
333542,BANDEJA PORTA TUBETE DE PLASTICO DE 45 cm X 65 cm 54 CAVIDADES,Unidad,5
335475,CAMIONETA TIPO VAN DE 15 ASIENTOS,Unidad,11
335477,CAMIONETA TIPO SUV 4 X 4,Unidad,85
335986,CAL AGRICOLA DE CARBONATO DE CALCIO Y MAGNESIO,Unidad,6
336370,UNIFORME CAMUFLADO DIGITALIZADO PARA CABALLERO,Unidad,17
336581,CAMISA DE TELA ANTIFLAMA MANGA LARGA,Unidad,6
336710,EQUIPO DE RADIO COMUNICACION 22 CANALES,Unidad,6
336905,SISTEMA DE VIDEOCONFERENCIA MOVIL,Unidad,9
337202,GRUPO ELECTROGENO TRIFASICO DE 200 KW,Unidad,5
337204,GRUPO ELECTROGENO TRIFASICO DE 12 KW,Unidad,7
337206,GRUPO ELECTROGENO TRIFASICO DE 20 KW,Unidad,7
337208,GRUPO ELECTROGENO TRIFASICO DE 30 KW,Unidad,7
337209,GRUPO ELECTROGENO TRIFASICO DE 35 KW,Unidad,5
337212,GRUPO ELECTROGENO TRIFASICO DE 60 KW,Unidad,5
337213,GRUPO ELECTROGENO TRIFASICO DE 100 KW,Unidad,9
337498,CIRCUITO CERRADO DE VIDEO VIGILANCIA DE 8 CAMARAS,Unidad,14
337546,BANDEJA DE SECADORA DE CAFE,Unidad,5
337559,SECADORA SOLAR DE GRANOS,Unidad,18
337576,CEBO DE LEVADURA DE TORULA Y BORAX,Kilogramo,6
337726,CEMENTO PORTLAND TIPO HE,Unidad,39
337727,CEMENTO PORTLAND TIPO HS X 42.50 kg,Unidad,102
337748,GEL RETENEDOR DE AGUA PARA SEMBRIO DE CAMPO DEFINITIVO,Kilogramo,6
338335,MAQUINA DE ANESTESIA ELECTRONICA CON MONITOREO AVANZADO PARA USO HOSPITALARIO,Unidad,38
338459,CANULA NASAL DE PVC N 9 PARA SISTEMA CPAP DE BURBUJA,Unidad,6
339388,EQUIPO DE CORTE DIRECTO DE 1 kN 50 KV,Unidad,8
339885,MUEBLES DE SALA DE JUGUETE DE MADERA X 12 PIEZAS,Unidad,6
340938,TONER COLOR NEGRO PARA IMPRESORA MULTIFUNCIONAL LASER,Unidad,14
340943,KIT DE REPUESTOS PARA MAQUINAS CONTADORAS DE MONEDAS Y COSPELES,Unidad,12
340960,"ACIDO 2,4 DICLOROFENOXIACETICO Q.P.",Unidad,5
340989,AGUJA PARA JERINGA DE INSULINA TIPO LAPICERO Nº 32 g X 5/32 in,Unidad,6
341287,CLORURO DE SODIO AL 9%,Unidad,8
341811,CARDADORA,Unidad,5
341834,RUTEADORA PARA MADERA CNC DE 1.30 m X 2.50 m 15000 W,Unidad,5
341841,CONTENEDOR DE ACERO DE 8 ft X 9 ft X 20 ft,Unidad,12
341854,MAQUINA CORTADORA Y DE GRABADO LASER DE 50 W,Unidad,5
342017,VALLA DE SEGURIDAD PEATONAL DE ACERO GALVANIZADO DE 1.10 m X 2.00 m,Unidad,6
342137,CAMIONETA PICK UP CABINA SIMPLE 4 X 4,Unidad,37
342138,CAMIONETA PICK UP CABINA SIMPLE 4 X 2,Unidad,8
342163,MASTIL DE FIERRO GALVANIZADO 1/4 in X 3 in X 6 m PARA PARARRAYO,Unidad,5
342333,HUEVO DE GALLINA CALIDAD PRIMERA,Kilogramo,46
343976,EQUIPO DE RADIO COMUNICACION 14 CANALES,Unidad,5
344117,GRUPO ELECTROGENO TRIFASICO ENCAPSULADO DE 520 KW,Unidad,6
344610,GRUPO ELECTROGENO TRIFASICO ENCAPSULADO DE 100 KW,Unidad,8
344612,GRUPO ELECTROGENO TRIFASICO ENCAPSULADO DE 200 KW,Unidad,5
344618,MICRO DIGESTOR KJELDHAL,Unidad,8
344991,MOTOBOMBA AUTOCEBANTE DE 18 HP 3600 RPM 12 V 30 L/s,Unidad,6
344995,PLANTON DE QUEÑUA - POLYLEPIS,Unidad,5
345486,MOTOBOMBA AUTOCEBANTE DE 13 HP 3600 RPM 12 V 28 L/s,Unidad,15
346022,DARUNAVIR 600 mg TAB,Unidad,6
346027,ESTACION HIDROMETEOROLOGICA AUTOMATICA,Unidad,10
347272,SWITCH DE RED TRONCAL PARA RACK DE 19 in DE 48 PUERTOS 10/100/1000,Unidad,27
347274,EQUIPO FIREWALL DE SEGURIDAD PARA RED,Unidad,26
347289,ESTERILIZADOR A VAPOR- AUTOCLAVE VERTICAL DE 75 L,Unidad,13
347420,LENTE INTRAOCULAR CAMARA POSTERIOR PLEGABLE 1 PIEZA DIOPTRIA (+6.0 A +30.0),Unidad,5
347552,MASCARILLA DESCARTABLE TIPO N-95,Unidad,6
347824,CENTRIFUGA REFRIGERADA DIGITAL DE 3 L PARA 168  TUBOS X 10 mL TEMPERATURA DE 10 A 40 GRADOS,Unidad,5
348225,CONTENEDOR SOTERRADO HIDRAULICOS DE 1 CUERPO,Unidad,6
348261,VEHICULO AEREO NO TRIPULADO-DRONE,Unidad,128
348266,CONSERVA DE GRATED DE PESCADOS DIVERSOS EN ACEITE VEGETAL,Unidad,10
348525,MAMELUCO TERMICO IMPERMEABLE DE POLINAILON ENJEBADO,Unidad,15
348553,TRAJE DE SEGURIDAD PARA POLVO Y SOLVENTES,Unidad,14
348621,EQUIPO DE POSICIONAMIENTO - GPS DE SINCRONIZACION,Unidad,9
348712,TROCAR DE PVC SIN BALON ADULTO X 10 mm DE 10 cm APROX. PARA CIRUGIA LAPAROSCOPICA,Unidad,5
349446,EQUIPO AUTOMATIZADO CON RECUENTOS DIFERENCIALES PARA HEMATOLOGIA,Unidad,5
349449,EQUIPO ECOGRAFO DIGITAL PORTATIL VETERINARIO,Unidad,17
349457,AUTOCLAVE AUTOMATICA VERTICAL DE 50 L,Unidad,5
349466,OXIMETRO DE PULSO PORTATIL ADULTO/PEDIATRICO,Unidad,12
349493,MESA HIDRAULICA PARA OPERACION QUIRURGICA DE USO VETERINARIO 60 cm X 1.00 m X 1.50 m APROX.,Unidad,6
349676,EMTRICITABINA + TENOFOVIR 200 mg + 300 mg TAB,Unidad,5
349785,"CARTUCHO PARA ANALIZADOR DE GASES ARTERIALES, ELECTROLITOS Y METABOLITOS",Unidad,83
350252,SEMILLA DE VICIA - VICIA VILLOSA,Kilogramo,22
350261,FERTILIZANTE FOLIAR NITROGENO + FOSFORO + POTASIO AL 16% + 16% + 17%,Unidad,5
350292,ABRAZADERA TIPO U DE 2 OREJAS DE FIERRO GALVANIZADO DE 16 mm X 12 mm X 1.2 mm PARA TUBERIA DE PVC,Unidad,5
350449,CAFE INSTANTANEO MOLIDO CON CAFEINA,Kilogramo,6
350640,LECHE ENTERA SIN LACTOSA X 410 g APROX,Unidad,83
351422,ACOPLAMIENTO DE ACCIONAMIENTO PARA VALVULA DESLIZANTE DE CRAQUEO CATALITICO,Unidad,5
351477,FORMATO DE PERMISO DE TRABAJO,Unidad,5
352143,ELECTROBOMBA CENTRIFUGA HORIZONTAL TRIFASICA DE 75 HP 380 V 50 L/s,Unidad,6
352252,TUBERIA HIDRAULICA PARA BRAZOS DE CARGA,Unidad,6
352312,EMPAQUETADURA RECORTADA DE ALAMBIQUE TUBULAR DE COMPLEJO CRAQUEO CATALITICO,Unidad,7
352363,MANTA DE POLIETILENO DE 8.00 mil X 6.00 m X 8.15 m APROX.,Unidad,5
352371,FILTRO DE ACEITE PARA MOTOR DE COMPACTADORA,Unidad,6
352378,DOLOMITA - CARBONATO DE CALCIO Y MAGNESIO,Unidad,7
352923,MICROBUS DE 14 PASAJEROS,Unidad,9
352924,MINIBUS DE 18 PASAJEROS,Unidad,19
352953,PARTES DE MANTENIMIENTO PARA TRANSMISOR UNIVERSAL DE PULSOS UPT,Unidad,8
353005,CABLE ELECTRICO FLEXIBLE DE ALUMINIO TIPO CONCENTRICO DE 2 X 6 mm2,Metro,6
354166,POSTE DE CONCRETO ARMADO CENTRIFUGADO DE 15/500/2/225/450,Unidad,6
354230,PISTON DE MOTOR DE GRUPO ELECTROGENO,Unidad,6
354583,JAULA DE ACERO INOXIDABLE DE 0.7 m X 10 m X 10 m APROX. PARA PECES,Unidad,36
354588,POSTE DE CONCRETO ARMADO CENTRIFUGADO DE 13/400/2/180/375,Unidad,7
354736,BOMBA DE VACIO ELECTRICA DE 15 PSI,Unidad,10
354745,GRUPO ELECTROGENO MONOFASICO DE 10 KW,Unidad,10
354751,POTENCIOSTATO ELECTRONICO,Unidad,5
354753,ULTRACONGELADORA ELECTRICA VERTICAL DE 738 L,Unidad,5
354772,CAMION CISTERNA DE 4000 gal,Unidad,11
354889,LOSETA DE PIEDRA DE 0.20 m X 0.40 m X 0.04 m,M2,5
355519,CONCRETO PREMEZCLADO FC 245 kg/cm2,M3,33
355574,TONER COLOR NEGRO PARA IMPRESORA LASER,Unidad,13
356208,LECHE ENTERA FRESCA SEMIDESCREMADA SIN LACTOSA,Litro,6
356209,BARRERA DE CONTENCION DE PVC DE 20in x 8in x 12in PARA DERRAMES DE HIDROCARBUROS,Unidad,6
356227,MOTOCICLETA DE 140 cm3,Unidad,7
356238,ANALIZADOR DIGITAL DE GASES DE COMBUSTION,Unidad,5
356573,POSTE ORNAMENTAL DE FIERRO FUNDIDO CON UN FAROL,Unidad,7
356796,SOLUCION DE ALMACENAMIENTO EXTERNO SAN - STORAGE AREA NETWORK,Unidad,17
356801,LIBRERIA DE CINTAS DE ALMACENAMIENTO,Unidad,7
356805,MEDIDOR DIGITAL MULTIFUNCION TRIFASICO DIRECTO,Unidad,11
356807,MEDIDOR DIGITAL MULTIFUNCION TRIFASICO CON MODEM 3G,Unidad,5
356833,CENTRO DE MAQUINADO CNC,Unidad,6
356852,MEDIDOR DIGITAL DE PRESION CON TRANSDUCTOR PARA AGUA,Unidad,5
356879,ASCENSOR DE 3 PARADAS PARA 7 PERSONAS DE 525 Kg,Unidad,14
356945,SEMILLA DE ALFALFA - MEDICAGO SATIVA VARIEDAD MOAPA,Kilogramo,5
356949,SEMILLA DE RYE CESPED VARIEDAD TAMA,Kilogramo,25
356951,SEMILLA DE ALERJA - VICIA SATIVA,Kilogramo,5
357784,VEHICULO UTV 4 X 4,Unidad,25
357785,AMBULANCIA RURAL TIPO I CON EQUIPAMIENTO,Unidad,15
357786,AMBULANCIA RURAL TIPO II CON EQUIPAMIENTO,Unidad,48
357788,AMBULANCIA URBANA TIPO I CON EQUIPAMIENTO,Unidad,5
357789,AMBULANCIA URBANA TIPO II CON EQUIPAMIENTO,Unidad,26
357790,AMBULANCIA URBANA TIPO III CON EQUIPAMIENTO,Unidad,13
358033,TAPA Y MARCO PARA CAJA DE MEDIDOR DE AGUA DE FIERRO DE 25 cm X 25 cm APROX.,Unidad,7
358097,CONSERVA DE ENTERO DE SARDINA PERUANA O ANCHOVETA EN SALSA DE TOMATE CALIDAD A ENVASE DE LATA X 425 g,Unidad,31
358098,CONSERVA DE ENTERO DE SARDINA PERUANA O ANCHOVETA EN AGUA Y SAL CALIDAD A ENVASE DE LATA X 425 g,Unidad,6
358100,CONSERVA DE ENTERO DE SARDINA PERUANA O ANCHOVETA EN ACEITE VEGETAL CALIDAD A ENVASE DE LATA X 170 g,Unidad,6
358113,CONSERVA DE SOLIDO DE CABALLA EN SALSA DE TOMATE CALIDAD EXTRA ENVASE DE LATA X 170 g,Unidad,6
358126,EQUIPO ECOGRAFO DOPPLER 4D DE COLOR CON BASE RODABLE,Unidad,57
358392,GRAVA DE CANTO RODADO DE 1/2 in A 3/4 in,M3,6
358567,INJERTO VASCULAR BIFURCADO DE DACRON 10 mm X 20 mm X 40 cm PARA USO QUIRURGICO,Unidad,6
358631,SOLUCION PARA CENTRO DE DATOS (DATA CENTER),Unidad,15
358708,CARRETA REMOLQUE DE LEVANTE HIDRAULICO DE 4 ton,Unidad,5
358718,MEDIDOR ELECTRONICO MONOFASICO DE 2 HILOS DE 220 V,Unidad,8
358765,SOLUCION NETWORKING,Unidad,8
358801,FILTRO DE ACEITE PARA MOTOR DE MOTONIVELADORA,Unidad,5
358818,FILTRO DE ACEITE PARA MOTOR DE CARGADOR FRONTAL,Unidad,6
358829,FILTRO DE ACEITE PARA MOTOR DE EXCAVADORA,Unidad,6
358850,FILTRO DE ACEITE PARA MOTOR DE CAMION,Unidad,13
358858,TARJETA ELECTRONICA PARA CONSUMO DE ALIMENTOS,Unidad,145
359535,SISTEMA FOTOVOLTAICO DE 2.25 KW,Unidad,13
359545,COMPACTADORA AUTOMATICA DE MUESTRAS METALOGRAFICAS PARA ENSAYOS DE RESISTENCIA,Unidad,12
359564,MODULO DE ENSEÑANZA PARA CONTROL EN PROCESOS INDUSTRIALES,Unidad,18
359585,UNIFORME DE LANA Y POLIESTER DE CADETE PARA CABALLERO,Unidad,6
359587,UNIFORME DE POLIESTER DE CADETE PARA CABALLERO,Unidad,12
359646,ANALIZADOR DIGITAL TERMOGRAVIMETRICO,Unidad,6
359677,VALVULA DE COMPUERTA DE BRONCE DE 110 mm PN 16 CON BRIDA,Unidad,5
359684,MOTOCICLETA DE 892 CC,Unidad,11
359716,PRENSA DE ACERO INOXIDABLE PARA CACAO,Unidad,5
359743,SEMILLA DE ALFALFA - MEDICAGO SATIVA DORMANTE HIBRIDA W350,Kilogramo,23
359882,PIEDRA DE RIO DE 4 in,M3,7
360043,DISPOSITIVO DE PUESTA A TIERRA RETRACTIL PARA TANQUE CON TECHO FLOTANTE,Unidad,5
360044,ASCENSOR DE 4 PARADAS PARA 6 PERSONAS DE 450 Kg,Unidad,6
360093,TOSTADORA INDUSTRIAL DE GRANOS DE CACAO,Unidad,38
360102,CALCETIN DE ALGODON CAÑA ALTA PARA CABALLERO,Unidad,5
360127,CARDIO DESFIBRILADOR CON TERAPIA DE RESINCRONIZACION CARDIACA,Unidad,32
360128,CARDIO DESFIBRILADOR AUTOMATICO IMPLANTABLE UNICAMERAL PEDIATRICO,Unidad,7
360129,CARDIO DESFIBRILADOR AUTOMATICO IMPLANTABLE BICAMERAL PEDIATRICO,Unidad,20
360171,BOMBA DE AGUA PARA MOTOR DE GENERADOR,Unidad,7
360193,FOTODOCUMENTADOR DIGITAL DE GELES,Unidad,7
360293,BOTE DE ALUMINIO DE 6 m A MOTOR,Unidad,9
360325,CADENA DE CARRILERIA PARA TRACTOR SOBRE ORUGA,Unidad,9
360400,MICROGUIA DE ACERO INOXIDABLE 0.010 in X 205 cm USO QUIRURGICO,Unidad,6
361593,BOTA DE JEBE MEDIA CAÑA CON PUNTA DE ACERO PARA CABALLERO,Unidad,7
361792,ALPACA HUACAYA HEMBRA,Unidad,9
362041,ASPERSOR DE RIEGO GIRATORIO DE ACERO DE 3/4 in,Unidad,13
362070,MURETE DE CONCRETO DE 22 cm X 22 cm X 2 m PARA ACOMETIDA ELECTRICA,Unidad,8
362179,MAQUINA ESTAMPADORA PARA TEXTILES,Unidad,5
362239,ADOQUIN HEXAGONAL DE CONCRETO PEATONAL DE 10 cm X 6 cm,Unidad,9
362270,CAFEINA CITRATO 20 mg/mL AMP 1 mL,Unidad,7
362329,BARNIZ BRILLANTE,Unidad,5
362466,TUBO PARA ALCANTARILLADO DE ACERO GALVANIZADO CORRUGADO - TMC DE 48 in x 2.5 mm,Metro,5
362482,SWITCH DE RED PERIMETRAL PARA RACK DE 19 in DE 24 PUERTOS 10/100/1000,Unidad,12
362491,TORRE DE FIERRO TRIANGULAR DE 35 cm X 35 cm X 35 cm X 36 m DE ALTURA,Unidad,14
362525,"SERVIDOR TIPO RACK CON PROCESADOR DE 3.0 GHZ, MEMORIA RAM 64 GB, DISCO DURO 1TB, 1 RU",Unidad,5
362577,REPELENTE DE INSECTOS EN LOCION PARA PIEL,Unidad,9
362638,CARPETA UNIPERSONAL DE MELAMINA,Unidad,8
362691,MOTOCICLETA DE 190 cm3,Unidad,75
362781,MACROMEDIDOR ULTRASONICO PORTATIL DE 100 mm A 800 mm RANGO  -50 A +125  C PARA CAUDAL DE AGUA,Unidad,5
362794,"SERVIDOR TIPO RACK CON PROCESADOR DE 2.4 GHZ, MEMORIA RAM 16 GB, DISCO DURO 1TB, 2 RU",Unidad,6
362799,POSTE DE CONCRETO ARMADO CENTRIFUGADO DE 8/300/2/150/270,Unidad,12
362838,EQUIPO DE AIRE ACONDICIONADO TIPO SPLIT DE PARED DE 24000 BTU/h,Unidad,5
362868,LADRILLO DE ARCILLA PARA TECHO DE 20 cm X 30 cm X 30 cm,Unidad,11
362869,LADRILLO DE ARCILLA PASTELERO DE 24 cm X 24 cm X 3 cm,Unidad,5
364176,SEVELAMERO 800 mg TAB,Unidad,5
364193,BOLSA DE POLIETILENO DE BAJA DENSIDAD DE 140 l PARA BASURA,Millar,13
364237,APISONADOR VIBRATORIO - BAILARINA 4 HP,Unidad,6
364291,EQUIPO COMBINADO DE VITRECTOMIA POSTERIOR Y FACOEMULSIFICACION DE 23 GA A 25 GA,Unidad,8
364343,MOTOCICLETA DE 160 cm3,Unidad,8
364647,"SERVIDOR TIPO RACK CON PROCESADOR DE 1.9 GHZ, MEMORIA RAM 64 GB, DISCO DURO 1TB, 2 RU",Unidad,5
364651,CUY LINEA HEMBRA,Unidad,8
364748,ARNES DE SEGURIDAD DE NYLON TIPO MULTIPROPOSITO DE 6 ANILLOS,Unidad,5
364817,CINTA ADHESIVA ANTIALERGICA DE TELA X 2.5 cm APROX. PARA USO QUIRURGICO,Unidad,5
364821,CINTA ADHESIVA HIPOALERGENICA DE PAPEL X 5 cm APROX. PARA USO QUIRURGICO,Unidad,8
364899,ROCAS PARA DIQUE EN RIO,M3,11
364965,EXTRACTOR DE PINES DE CADENAS PARA MAQUINARIA PESADA,Unidad,5
364977,EQUIPO MEDIDOR MULTIPARAMETRICO RANGO 0.001 uS t A 3000 Ms DE MESA PARA ELECTRODOS CONDUCTIVIDAD,Unidad,5
365039,TUBO PARA ALCANTARILLADO DE ACERO GALVANIZADO CORRUGADO - TMC DE 24 in x 1.8 mm,Metro,5
365040,TUBO PARA ALCANTARILLADO DE ACERO GALVANIZADO CORRUGADO - TMC DE 36 in x 2 mm,Metro,8
365045,BOVINO BRAHMAN PPC HEMBRA,Unidad,5
365193,HORNO INDUSTRIAL ELECTRICO ROTATIVO DE 18 BANDEJAS PARA PANADERIA,Unidad,20
365288,CAMION GRUA TELESCOPICA DE 10 t,Unidad,6
365295,ESTRUCTURA DE ACERO CON COBERTURA DE METAL PARA TECHADO DE CAMPO DEPORTIVO,Unidad,68
365344,OMNIBUS DE 48 PASAJEROS,Unidad,7
365436,CAMION HIDROJET DE 5 m3,Unidad,11
365442,FUNGICIDA INSECTICIDA AGRICOLA FOSFITO DE ALUMINIO AL 80% GRANULO DISPERSABLE (WG),Unidad,6
365443,POSTE DE FIERRO CORRUGADO DE 5/8 in x 1.70 m PARA CAPTURA DE VICUÑAS,Unidad,17
365445,PANTALON DE DRIL CON CINTAS REFLECTIVAS PARA CABALLERO,Unidad,12
365530,CINTA ADHESIVA HIPOALERGENICA DE TELA X 30 cm APROX. PARA USO QUIRURGICO,Unidad,11
365555,INCUBADORA NEONATAL AVANZADA PARA USO INTRAHOSPITALARIO,Unidad,15
365588,MOTOBOMBA AUTOCEBANTE DE 25 HP 3000 RPM 12 V 20 L/s,Unidad,7
365621,LAMPARA CIALITICA DE LUZ LED PARA TECHO CON 2 CUERPOS DE 120 W 160 000 lm 4900 K,Unidad,14
365637,VALE DE CONSUMO PARA CALZADO,Unidad,8
365644,DESPULPADORA DE CAFE,Unidad,29
365659,MAQUINA CALIBRADORA ELECTRONICA DE CITRICOS POR COLOR Y DIAMETRO,Unidad,6
365695,ESTERILIZADOR A VAPOR CON GENERADOR ELECTRICO DE 30 L,Unidad,13
365696,ESTERILIZADOR A VAPOR CON GENERADOR ELECTRICO DE 40 L,Unidad,19
365697,EQUIPO ECOGRAFO RODABLE CON DOPPLER COLOR 3D CON TRANSDUCTOR ECOENDOSCOPICO USO ADULTO,Unidad,9
365698,EQUIPO ECOGRAFO RODABLE CON DOPPLER COLOR 3D CON TRANSDUCTOR ECOENDOSCOPICO USO PEDIATRICO,Unidad,7
365699,EQUIPO ELECTRONICO DE VIDEO GASTROSCOPIO DE USO CLINICO,Unidad,9
366942,SECADOR SOLAR PARA GRANOS DE CAFE,Unidad,5
366985,SWITCH DE RED PERIMETRAL PARA RACK DE 19 in DE 48 PUERTOS 10/100/1000,Unidad,28
367000,TRACTOR SOBRE RUEDAS CON HOJA DE 30 m3,Unidad,5
367037,"SERVIDOR TIPO BLADE CON PROCESADOR DE 2.2 GHZ, MEMORIA RAM 128 GB, DISCO DURO 600 GB",Unidad,5
367039,ACOPLE RECTO DE POLIETILENO DE ALTA DENSIDAD (HDPE) PN16 DE 110 mm,Unidad,5
367119,VINBLASTINA 10 mg INY,Unidad,6
367225,LUMINARIA DE EMERGENCIA LED CIRCULAR DE 2 X 18 W 2 H 2 X 36 lm 6500 K,Unidad,8
367284,MICROBUS DE 16 PASAJEROS,Unidad,10
367304,LLAMA QARA MACHO,Unidad,10
367332,TONER COLOR NEGRO PARA FOTOCOPIADORA MULTIFUNCIONAL LASER,Unidad,6
367366,BOVINO HOLSTEIN HEMBRA,Unidad,5
367408,SOFTWARE (INC. LICENCIA) PARA IMPLEMENTACION DE UNA INFRAESTRUCTURA DE NUBE PRIVADA,Unidad,9
367409,SERVIDOR DE PUERTO SERIAL ETHERNET DE 1 PUERTO,Unidad,11
367430,UNIFORME DE FAENA PARA PERSONAL ASISTENCIAL CABALLERO,Unidad,41
367431,UNIFORME DE FAENA PARA PERSONAL ASISTENCIAL DAMA,Unidad,12
367558,LUMINARIA LED 72 W 7400 lm 2700-3300 K PARA ALUMBRADO PUBLICO,Unidad,9
367563,MINIBUS DE 32 PASAJEROS,Unidad,16
367723,EQUIPO ELECTRICO DE PRUEBAS DE RELES TRIFASICOS,Unidad,5
367749,EQUIPO DE AIRE ACONDICIONADO DE PRECISION TIPO INROW SOLO CON FUNCION DE REFRIGERACION DE 65000 BTU/h,Unidad,5
367750,EQUIPO DE AIRE ACONDICIONADO DE PRECISION TIPO DOWNFLOW SOLO CON FUNCION DE REFRIGERACION DE 43000 BTU/h,Unidad,8
367818,COLPOSCOPIO DIGITAL,Unidad,10
367825,DESTILADOR ELECTRICO 5 L POR HORA PARA AGUA,Unidad,8
367829,CALENTADOR PORTATIL DE FLUIDOS PARA USO DE LABORATORIO,Unidad,5
367855,"COMPUTADORA CON PROCESADOR CORE I3 DE 3.6 GHZ, MEMORIA RAM 8 GB, DISCO DURO 500 MB + MONITOR LED 19.5 in + TECLADO USB + MOUSE USB",Unidad,9
367857,TINA QUESERA DE ACERO DE 100 l,Unidad,5
367858,TINA QUESERA DE ACERO DE 300 l,Unidad,9
367862,CAMION BARANDA PARA CARGA DE 12 t,Unidad,12
368369,BOTE DESLIZADOR A MOTOR PARA 8 PASAJEROS,Unidad,16
368438,SOLUCION DE SEGURIDAD PERIMETRAL PARA APLICACIONES WEB,Unidad,10
368848,BUZO DE POLIESTER INCLUYE CASACA SIN CAPUCHA Y PANTALON CON ELASTICO EN CINTURA PARA CABALLERO,Unidad,5
368852,MADERA ROBLE DE 1 1/2 in X 10 in X 10 ft,Unidad,5
368862,BALDOSA PARA FALSO CIELORASO ACUSTICA DE FIBROCEMENTO DE 4 mm X 61 cm X 61 cm,Unidad,5
368863,BARRA DE ACERO CUADRADO LISO DE 1/2 in X 6 m,Unidad,6
368864,AGREGADO GLOBAL,M3,35
368874,GRUPO ELECTROGENO TRIFASICO DE 10 KW,Unidad,5
368879,GRUPO ELECTROGENO TRIFASICO DE 350 KW,Unidad,5
368962,POSTE DE CONCRETO ARMADO CENTRIFUGADO DE 15/600/2/210/435,Unidad,5
368980,ELECTROBOMBA SUMERGIBLE TRIFASICA DE 100 HP 440 V 50 L/s,Unidad,8
369010,ESTABILIZADOR DE TENSION EN ESTADO SOLIDO DE 600 W,Unidad,5
369082,SOLUCION PARA VIRTUALIZACION DE SERVIDORES,Unidad,16
369381,"COMPUTADORA CON PROCESADOR CORE I7 DE 2.9GHZ, MEMORIA RAM DE 16 GB, DISCO DURO 3TB + MONITOR IPS 27 in + TECLADO MULTIMEDIA + MOUSE OPTICO INALAMBRICO",Unidad,7
369421,POSTE DE MADERA EUCALIPTO DE 4 in X 5 ft,Unidad,5
369526,SEMILLA DE AVENA - AVENA SATIVA L. CULTIVAR INIA - 901 MANTARO 15,Kilogramo,15
369528,SEMILLA DE AVENA - AVENA SATIVA L. CULTIVAR INIA - 903 TAYKO ANDENES,Kilogramo,25
369531,SEMILLA DE AVENA - AVENA SATIVA L. CULTIVAR TAYKO,Kilogramo,5
369538,SEMILLA DE CEBADA - HORDEUM VULGARE L CULTIVAR GRIGNON,Kilogramo,11
369565,SEMILLA DE FRIJOL - PHASEOLUS VULGARIS  L. CULTIVAR FREJOL UCAYALINO,Kilogramo,5
370015,SOFTWARE (INC. LICENCIA) DE DISEÑO ASISTIDO POR COMPUTADORA PARA DIBUJO 2D Y 3D,Unidad,10
370042,VARILLA DE FIERRO LISO REDONDO DE 1/2 in X 6 m,Unidad,15
370057,TUBETE DE POLIPROPILENO PARA VIVERO 180 mL APROX.,Unidad,10
370060,CAMION CISTERNA DE 3000 gal,Unidad,32
370067,SOFTWARE (INC. LICENCIA) PARA ADMINISTRACION DE PROYECTOS,Unidad,5
370069,CAMION CISTERNA DE 4500 gal,Unidad,14
370437,"SERVIDOR TIPO RACK CON PROCESADOR DE 2.1 GHZ, MEMORIA RAM 128 GB, DISCO DURO 1TB, 2 RU",Unidad,7
370499,CAMION VOLQUETE DE 6 m3,Unidad,16
370524,CONCRETO PREMEZCLADO FC 350 kg/cm2,M3,22
370546,ELECTROBOMBA CENTRIFUGA HORIZONTAL TRIFASICA DE 250 HP 400 V 400 L/s,Unidad,5
370582,BUZO DE POLINAM INCLUYE CASACA SIN CAPUCHA Y PANTALON  CON ELASTICO EN CINTURA PARA CABALLERO,Unidad,8
370599,BOTE DE ALUMINIO DE 20 m A MOTOR CON TECHO DE LONA,Unidad,12
370604,CAMION VOLQUETE DE 5 m3,Unidad,20
370770,MACROMEDIDOR DIGITAL DE AGUA POTABLE DE 110 mm,Unidad,5
371141,BANCA DE MADERA DE 5 ASIENTOS,Unidad,6
371321,BOLSA DE ASPIRACION DE PVC X 1 L CON VALVULA Y FILTRO ANTIBACTERIANO PARA SECRECIONES,Unidad,5
371571,TAMIZAJE BS ANTICUERPO ANTI TREPONEMA PALLIDUM,Unidad,6
371574,TAMIZAJE BS HEPATITIS B ANTICUERPO ANTICORE TOTAL,Unidad,11
371595,CUNA DE CALOR RADIANTE RODABLE PARA RECIEN NACIDO,Unidad,39
372397,UNIFORME DE LANA Y POLIESTER DE OFICIAL PARA CABALLERO,Unidad,14
372398,UNIFORME DE LANA Y POLIESTER DE OFICIAL PARA DAMA,Unidad,12
372399,UNIFORME DE LANA Y POLIESTER DE SUB OFICIAL PARA CABALLERO,Unidad,5
372510,GEOCOMPUESTO DE POLIPROPILENO Y GEOTEXTIL NO TEJIDO DE POLIESTER DE 11 mm,M2,7
372544,CAMISETA DE ALGODON JERSEY DE 180 g/m2 APROX. MANGA CORTA CUELLO CAMISERO PARA CABALLERO,Unidad,7
372566,MATERIAL GRANULAR PARA AFIRMADO TIPO A-1,M3,104
372567,MATERIAL GRANULAR PARA AFIRMADO TIPO A-2,M3,31
372568,MATERIAL GRANULAR PARA AFIRMADO TIPO C,M3,12
372569,MATERIAL GRANULAR PARA AFIRMADO TIPO D,M3,5
372572,MATERIAL GRANULAR PARA BASE TIPO A,M3,90
372573,MATERIAL GRANULAR PARA BASE TIPO B,M3,77
372574,MATERIAL GRANULAR PARA BASE TIPO C,M3,6
372674,SEMIREMOLQUE CAMA BAJA DE TRES EJES PARA 50 ton,Unidad,21
372694,MATERIAL GRANULAR PARA SUB BASE TIPO A,M3,26
372695,MATERIAL GRANULAR PARA SUB BASE TIPO B,M3,44
372696,MATERIAL GRANULAR PARA SUB BASE TIPO C,M3,6
373381,LIBRO BIBLIOTECAS ACADEMICAS E INVESTIGACION,Unidad,5
373431,"ARROZ FORTIFICADO GRADO SUPERIOR CON VITAMINAS (A, B1, B3, B6, B9, B12, D, E) Y MINERALES (Fe, Zn) PARA PREVENIR LA ANEMIA Y DESNUTRICION CRONICA",Kilogramo,11
373580,LIBRO COMPOSTAJE OBTENCION DE ABONOS DE CALIDAD PARA LAS PLANTAS,Unidad,7
373874,PIEDRA DE 8 in A 10 in,M3,5
373973,MOTOCICLETA DE 185 cm3,Unidad,32
373977,ETANERCEPT 50 mg  INY,Unidad,12
373992,LUMINARIA LED RECTANGULAR DE 40 W 5000 lm 6000 K CON PANEL SOLAR  DE 70 W PARA ALUMBRADO PUBLICO,Unidad,5
374076,MANTA AGRICOLA DE PLASTICO DE 254 MICRAS 6 m X 50 m,Unidad,12
374169,ESTRUCTURA DE ACERO CON COBERTURA DE METAL PARA TECHADO DE EDIFICACIONES,Unidad,30
374186,"BOTA TIPO BORCEGUI DE CUERO CORREGIDO, SUELA DE CAUCHO, PUNTERA TERMOPLASTICO, MEDIA CAÑA CUELLO SIN ACOLCHADO PARA CABALLERO",Unidad,13
374188,"BOTA TIPO BORCEGUI DE CUERO GAMUZA, SUELA DE CAUCHO, PUNTERA TERMOPLASTICO, MEDIA CAÑA CUELLO ACOLCHADO PARA CABALLERO",Unidad,8
374191,"BOTA TIPO BORCEGUI DE CUERO CORREGIDO, SUELA DE CAUCHO, PUNTERA TERMOPLASTICO, MEDIA CAÑA CUELLO ACOLCHADO PARA CABALLERO",Unidad,19
374212,CARPETA UNIPERSONAL DE MADERA,Unidad,11
374253,QUINUA PROCESADA GRADO 1,Kilogramo,46
374254,QUINUA PROCESADA GRADO 2,Kilogramo,40
374273,"SERVIDOR TIPO BLADE CON 02 PROCESADORES DE 2.2 GHZ, MEMORIA RAM 128 GB, 02 DISCOS DUROS 300 GB",Unidad,5
374279,CONTENEDOR ESTANDAR DE POLIETILENO CON TAPA DE 120 L,Unidad,6
374321,MAIZ AMILACEO CANCHERO VARIEDAD SAN GERONIMO CATEGORIA PRIMERA,Kilogramo,7
374322,MAIZ AMILACEO CANCHERO VARIEDAD SAN GERONIMO CATEGORIA SEGUNDA,Kilogramo,5
374338,EQUIPO DIGITAL TRIAXIAL DINAMICO PARA ENSAYO DE SUELOS,Unidad,5
374418,SOLUCION TECNOLOGICA DE REDES Y TELECOMUNICACION,Unidad,10
374471,POSTE DE MADERA EUCALIPTO DE 4 in X 6 ft,Unidad,10
374478,MOTOCICLETA DE 180 cm3,Unidad,20
374488,CHALECO DE DRIL SIN MANGAS  MULTIBOLSILLOS,Unidad,11
374495,"SERVIDOR TIPO RACK CON PROCESADOR DE 2.5 GHZ, MEMORIA RAM 3 TB, DISCO DURO 1TB, 3 RU",Unidad,7
374665,SOFTWARE (INC. LICENCIA) DE ANALISIS DE DATOS,Unidad,25
374704,"POSTE DE FIERRO NEGRO DE TRES CUERPOS DE 6 in, 4 in, 3 in X 1/4 in X 9 m PARA ALUMBRADO",Unidad,6
374744,REPELENTE DE INSECTOS EN CREMA PARA PIEL,Unidad,10
374763,RIVAROXABAN 20 mg TAB,Unidad,6
374786,BUZO DE ALGODON Y POLIESTER INCLUYE CASACA SIN CAPUCHA Y PANTALON CON ELASTICO EN CINTURA PARA CABALLERO,Unidad,18
374891,MINIBUS DE 20 PASAJEROS,Unidad,12
374989,PUNTAL DE ENCOFRADO TELESCOPICO DE FIERRO GALVANIZADO DE 48 mm X 2.20 m A 4.00 m,Unidad,27
375064,ANALIZADOR DIGITAL DE TAMAÑO DE PARTICULAS,Unidad,6
375107,"SERVIDOR TIPO RACK CON PROCESADOR DE 2.0 GHZ, MEMORIA RAM 32 GB, DISCO DURO 1TB, 2 RU",Unidad,6
375124,SOFTWARE (INC. LICENCIA) DE SISTEMA OPERATIVO PARA SERVIDOR,Unidad,8
375182,MEZCLADOR DE MATERIA PRIMA CON INYECCION DE VAPOR DE 200 Kg PARA MAQUINA DE EXTRUSION,Unidad,5
375183,PLANCHA DE ALUZINC TRAPEZOIDAL CON AISLANTE TERMICO DE 12000 mm X 1060 mm X 50 mm APROX.,Unidad,7
375407,CARNE DE CERDO FRESCA CORTE CHULETA,Kilogramo,6
375430,MEDIDOR ELECTRONICO MONOFASICO DE 3 HILOS DE 220 V,Unidad,5
375431,MEDIDOR ELECTRONICO TRIFASICO DE 4 HILOS DE 380/220 V,Unidad,7
375553,INSECTICIDA AGRICOLA MALATHION AL 0.57% CONCENTRADO EMULSIONABLE (EC),Unidad,6
375615,FEROMONA AGRICOLA GOSSYPLURE AL 280.452 g/mol CONCENTRADO SOLUBLE (SL),Unidad,7
375894,MODULO DE MELAMINE CON GARRUCHAS CON 4 DIVISIONES,Unidad,5
375948,ALIMENTO BALANCEADO PARA CANES ADULTOS,Kilogramo,37
376020,CONCRETO PREMEZCLADO FC 175 kg/cm2 CON CEMENTO TIPO I Y PIEDRA DE 1 in,M3,14
376021,CONCRETO PREMEZCLADO FC 175 kg/cm2 CON CEMENTO TIPO I Y PIEDRA DE 3/4 in,M3,13
376025,CONCRETO PREMEZCLADO FC 175 kg/cm2 CON CEMENTO TIPO V Y PIEDRA DE 3/4 in,M3,5
376026,CONCRETO PREMEZCLADO FC 210 kg/cm2 CON CEMENTO TIPO I Y PIEDRA DE 1 in,M3,59
376027,CONCRETO PREMEZCLADO FC 210 kg/cm2 CON CEMENTO TIPO I Y PIEDRA DE 3/4 in,M3,100
376031,CONCRETO PREMEZCLADO FC 210 kg/cm2 CON CEMENTO TIPO V Y PIEDRA DE 3/4 in,M3,7
376032,CONCRETO PREMEZCLADO FC 280 kg/cm2 CON CEMENTO TIPO I Y PIEDRA DE 1 in,M3,10
376033,CONCRETO PREMEZCLADO FC 280 kg/cm2 CON CEMENTO TIPO I Y PIEDRA DE 3/4 in,M3,22
376042,APOSITO DE GASA Y ALGODON ESTERIL 10 x 20 cm,Unidad,7
376173,PLACA DE OSTEOSINTESIS DE ESTABILIZACION DE FEMUR DISTAL CON SISTEMA PARA TORNILLOS DE BLOQUEO 160 mm PARA USO QUIRURGICO,Unidad,32
376361,ISONITRILO,Unidad,6
376389,TUBO DE FIERRO GALVANIZADO DE 2 in X 4 mm X 6 m,Unidad,8
376694,SOFTWARE (INC. LICENCIA) PARA CONTROL DE CALIDAD DEL SERVICIO ACADEMICO,Unidad,6
376701,HOJUELA DE CEREALES Y/O LEGUMINOSAS CON LECHE ENTERA EN POLVO AZUCARADO Y ENRIQUECIDA CON VITAMINAS Y MINERALES,Kilogramo,122
376773,CAMION BARANDA PARA CARGA DE 4 t,Unidad,46
376846,REPUESTOS DE COMPONENTES ROTABLES DE AERONAVE,Unidad,6
376879,PAÑAL DE BOMBASI DE ALGODON 20/1 Ne DE 210 g/m2 DE 0.75 m X 1.10 m PARA PACIENTE,Unidad,6
376913,CHILLER ENFRIADOR DE AGUA TIPO TORNILLO,Unidad,6
376929,GAS LICUADO DE PETROLEO PARA USO VEHICULAR,Galon,5
376937,HARINA EXTRUIDA DE CAÑIHUA CON TRIGO FORTIFICADA,Kilogramo,22
377127,EQUIPOS DE TELEFONIA SIP,Unidad,5
377177,BOMBA FUMIGADORA A MOTOR TIPO MOCHILA DE 25 L,Unidad,14
377181,GAS LICUADO DE PETROLEO A GRANEL,Galon,97
379146,"LANCETA DESCARTABLE RETRACTIL 23 G GRADUABLE X 1.3 mm, 1.8 mm , 2.3 mm",Unidad,13
379198,AUTOMOVIL MODELO SEDAN DE 1600 cm3,Unidad,5
379199,AUTOMOVIL MODELO SEDAN DE 1800 cm3,Unidad,15
379208,ATOMIZADOR DE PLASTICO DE 1000 ml,Unidad,8
379210,"BOLSAS BIODEGRADABLES DE 40"" X 60""",Unidad,11
379215,CROMATOGRAFO LIQUIDO DE ULTRAPERFORMANCE (UHPLC)ACOPLADO A ESPECTROMETRO DE MASAS,Unidad,8
379349,BOTAS DE POLIURETANO CON SUELA ANTIDESLIZANTE SRC CON FORRO DE POLIESTER,Unidad,6
379436,POSTE DE CONCRETO ARMADO CENTRIFUGADO DE 8/200/2/140/260,Unidad,15
379437,LADRILLO DE ARCILLA KING KONG DE 9 cm X 12.5 cm X 23 cm,Unidad,34
379463,ESPECTROFOTOMETRO DIGITAL DE ABSORCION ATOMICA MODO FLAMA,Unidad,5
379480,PESCADO TRUCHA EVISCERADO SIN CABEZA REFRIGERADO CATEGORIA EXTRA,Kilogramo,9
379489,PESCADO BONITO EVISCERADO CON CABEZA REFRIGERADO CALIDAD A,Kilogramo,6
379490,PESCADO BONITO EVISCERADO SIN CABEZA REFRIGERADO CALIDAD A,Unidad,7
379498,FILETE DE PESCADO BONITO REFRIGERADO,Kilogramo,6
379501,PESCADO JUREL EVISCERADO SIN CABEZA Y SIN COLA CONGELADO (HGT),Kilogramo,6
379533,LADRILLO DE ARCILLA PARA TECHO DE 12 cm X 30 cm X 30 cm,Unidad,6
379618,FILETE DE PESCADO TILAPIA SIN ESPINAS CONGELADO,Kilogramo,5
379690,POSACONAZOL 100 mg TAB,Unidad,5
379812,CAJA DE MEDIDOR DE AGUA RECTANGULAR DE CONCRETO DE 60 cm X 40 cm X 30 cm APROX.,Unidad,6
379901,CARGADOR FRONTAL SOBRE RUEDAS DE 3.5 m3,Unidad,34
379902,COMPRESORA DE AIRE DE 100 HP,Unidad,7
379945,PIEDRA CALIZA CHANCADA DE 1/2 in,M3,15
379979,MOTOR DE MOTONIVELADORA A DIESEL,Unidad,5
379983,LAMPARA CIALITICA DE LUZ LED PARA TECHO CON 1 CUERPO DE 50 W 120 000 lm 5000 K,Unidad,13
380322,ASCENSOR DE 2 PARADAS PARA 10 PERSONAS DE 800 Kg,Unidad,5
380369,CAMARA CLIMATICA TECNOLOGICA FEUTRON,Unidad,7
380401,CEMENTO ASFALTICO 75/100 PEN,Galon,5
380408,CAMARA TERMICA PARA VEHICULO AEREO NO TRIPULADO-DRONE,Unidad,6
380409,CAMARA MULTIESPECTRO PARA VEHICULO AEREO NO TRIPULADO-DRONE,Unidad,16
380525,PLANCHA DE FIBRO CEMENTO ONDULADA TIPO TEJA ANDINA  5 mm X 72 cm X 1.14 m,Unidad,6
380536,EQUIPO ELECTRONICO DE VIDEO ENDOSCOPIO ULTRASONOGRAFICO DE USO CLINICO,Unidad,18
380555,UNIDAD DENTAL CON SILLON INCORPORADO COMPRESORA,Unidad,5
380585,MODULO DE METAL DE 70 cm X 75 cm X 1.40 m APROX.,Unidad,7
380596,CAMION BARANDA PARA CARGA DE 8 t,Unidad,17
380601,CALDERO 40 BHP,Unidad,12
380682,BLOQUE DE PARED DE CONCRETO DE 12 cm X 20 cm X 40 cm,Unidad,9
381694,"JUEGO INFANTIL TOBOGAN, PUENTE EN ARCO FIJO, TUNEL DE FIBRA DE VIDRIO, ESCALERA CULEBRA, PASAMANOS CURVO DE METAL, COLUMPIO DOBLE",Unidad,10
381700,SIERRA ESCUADRADORA RECLINABLE,Unidad,5
382471,MATERIAL GRANULAR PARA AFIRMADO TIPO A-3,M3,9
382497,GLICLAZIDA 60 mg TAB,Unidad,5
382506,EMULSION ASFALTICA CATIONICA CSS-1hp,Galon,22
382523,BOMBA FUMIGADORA A MOTOR TIPO MOCHILA DE 13 L,Unidad,10
382558,UTENSILIO DE COCINA INDUSTRIAL DE ACERO INOXIDABLE X 39 PIEZAS,Unidad,5
382578,EQUIPO DE AIRE ACONDICIONADO DE PRECISION TIPO INROW SOLO CON FUNCION DE REFRIGERACION DE 68000 BTU/h,Unidad,7
382605,TABLADILLO DE MADERA DE 3.81 cm X 3 m LARGO Y 30 cm ANCHO PARA ENCOFRADO,Unidad,14
382769,AGREGADO GRUESO PARA MEZCLA ASFALTICA EN CALIENTE,M3,48
382893,MEDIDOR DE VELOCIDAD DE AGUA POTABLE FRIA DE CHORRO MULTIPLE DN 15 mm PARA CONEXION DOMICILIARIA,Unidad,47
382895,TRAJE DE BOMBERO CHAQUETA Y PANTALON DE TELA CON PROTECCION TERMICA DE FIBRA RESISTENTE AL CALOR Y A LAS LLAMAS CON KEVLAR O POLIPARAFENILENO TEREFTALAMIDA,Unidad,10
382896,"SERVIDOR TIPO RACK CON PROCESADOR DE 2.4 GHZ, MEMORIA RAM 512 GB, DISCO DURO 4 TB, 1 RU",Unidad,5
382932,BOVINO FLECKVIEH VAQUILLONA,Unidad,11
383229,CAMION CISTERNA DE 5000 gal,Unidad,81
383230,VENTILADOR MECANICO  DE ALTA FRECUENCIA REGULABLE A PEDIATRICO Y NEONATAL,Unidad,11
383386,PRUEBA MOLECULAR DE AMPLIFICACION DE ACIDOS NUCLEICOS POR PCR EN TIEMPO REAL AUTOMATIZADO PARA LA DETECCION MOLECULAR DE MYCOBACTERIUM TUBERCULOSIS Y LA RESISTENCIA A LA RIFAMPICINA,Unidad,12
383979,MODULO DE METAL EN L 60 cm X 76 cm X 1.50 m X 1.50 m PARA 4 PERSONAS,Unidad,8
383998,BOVINO BRAHMAN PPC VAQUILLA,Unidad,7
384041,CARRETILLA BUGUI DE ACERO DE 5.5 ft3 CON RUEDA,Unidad,6
384123,FILETE DE PESCADO BONITO SIN ESPINAS CONGELADO,Kilogramo,6
384398,APILADORA ELECTRICA 1 T,Unidad,6
384400,MONTACARGA DE 5 t,Unidad,5
384623,PARACETAMOL 10 mg/mL SOLUCION PARA PERFUSION,Unidad,5
384682,AMFOTERICINA B LIPOSOMAL 50 mg INY,Unidad,5
385050,PIEDRA DE RIO DE 40 in,M3,8
385106,POLLO ENTERO SIN MENUDENCIA CONGELADO,Kilogramo,20
385115,CONSERVA DE ENTERO DE CABALLA EN ACEITE VEGETAL CALIDAD EXTRA ENVASE DE LATA X 425 g,Unidad,27
385116,CONSERVA DE ENTERO DE CABALLA EN AGUA Y SAL CALIDAD EXTRA ENVASE DE LATA X 425 g,Unidad,8
385139,BOLSA DE POLIETILENO 72 µm X 80 cm X 1.20 m APROX,Unidad,8
385150,PROTECTOR SOLAR FPS 100,Unidad,23
385153,PROTECTOR SOLAR FPS 50,Unidad,33
385185,CAMISA DE ALGODON Y POLIESTER DOBBY DE 100 g/m2 APROX. CUELLO CAMISERO MANGA LARGA PARA CABALLERO,Unidad,5
385227,CASACA DE LANA Y POLIESTER SARGA DE 260 g/m2 APROX. SIN FORRO MANGA LARGA PARA CABALLERO,Unidad,5
385229,CASACA DE POLIESTER SARGA DE 220 g/m2 APROX. CON FORRO MANGA LARGA PARA CABALLERO,Unidad,7
385294,JABON EN BARRA ANTIBACTERIANO PARA TOCADOR,Unidad,5
385359,AMBIENTE PREFABRICADO DE ALUMINIO DE 3.00 m X 7.00 m,Unidad,6
385370,BOLSA DE POLIETILENO 2.5 µm X 5.5 in X 5.5 in,Millar,7
385381,PIZARRA INTERACTIVA DE 92 in DE 32767 X 32767 APROX. TECNOLOGIA INFRAROJO Y OPTICO MULTITACTIL DE 4 PUNTOS CONEXION USB PARA ADOSAR,Unidad,5
385384,PIZARRA INTERACTIVA DE 82 in DE 32767 X 32767 APROX. TECNOLOGIA INFRAROJO MULTITACTIL DE 10 PUNTOS CONEXION USB PARA ADOSAR,Unidad,10
385474,LECHE EVAPORADA ENTERA X 350 g APROX.,Unidad,26
385477,GRUPO ELECTROGENO ENCAPSULADO DE 1100 KW,Unidad,21
385494,MANDIL DE ALGODON SARGA 3/1 DE 250 g/m2 TALLA M PARA CIRUGIA,Unidad,7
385495,MANDIL DE ALGODON SARGA 3/1 DE 250 g/m2 TALLA L PARA CIRUGIA,Unidad,7
385505,CARGADOR FRONTAL SOBRE RUEDAS DE 3.0 m3,Unidad,47
385506,EXCAVADORA HIDRAULICA SOBRE ORUGA DE 1.0 m3,Unidad,127
385518,LECHE CRUDA X 1 L,Litro,93
385551,"ZAPATO CON PASADOR DE CUERO PLENA FLOR SUELA DE CUERO, PUNTERA TERMOPLASTICA PARA CABALLERO",Unidad,17
385552,"ZAPATO MOCASIN DE CUERO PLENA FLOR SUELA DE CAUCHO, PUNTERA TERMOPLASTICA PARA CABALLERO",Unidad,7
385553,"ZAPATO CON PASADOR DE POLIESTER Y POLIURETANO ALTO BRILLO, SUELA DE CAUCHO, PUNTERA TERMOPLASTICA PARA CABALLERO",Unidad,6
385555,"ZAPATO CON PASADOR DE POLIESTER Y POLIURETANO ALTO BRILLO, SUELA DE POLIURETANO, PUNTERA TERMOPLASTICA PARA CABALLERO",Unidad,50
385556,ZAPATO CLASICO DE CUERO NAPPA SUELA DE CUERO PUNTERA TERMOPLASTICA PARA DAMA,Unidad,6
385560,"ZAPATO CLASICO DE POLIESTER Y POLIURETANO ALTO BRILLO, SUELA DE POLIURETANO, PUNTERA TERMOPLASTICA PARA CABALLERO",Unidad,15
385572,POLIMERO CATIONICO LQUIDO EN EMULSION,Kilogramo,6
385579,HORNO INDUSTRIAL A GAS COMBINADO DE 10 BANDEJAS PARA COCCION DE ALIMENTOS,Unidad,11
385587,MOLINO INDUSTRIAL DE MARTILLO PARA GRANOS,Unidad,19
385588,MOLINO INDUSTRIAL PICADOR PARA FORRAJE,Unidad,17
385613,FRAZADA DE ALGODON Y POLIESTER FRIZADO POR AMBAS CARAS DE 2200 g/m2  APROX. DE 1 1 /2 PLAZA,Unidad,5
385636,LECHE PASTEURIZADA ENTERA X 1 L APROX.,Litro,6
385662,BOTE DESLIZADOR DE HYPALON PARA 12 PASAJEROS CON MOTOR FUERA DE BORDA,Unidad,7
385674,"SERVIDOR TIPO RACK CON PROCESADOR DE 12 NUCLEOS, 2.1 GHZ, MEMORIA RAM 128 GB, 2 RU",Unidad,9
385675,"SERVIDOR TIPO RACK CON PROCESADOR DE 24 NUCLEOS, 2.1 GHZ, MEMORIA RAM 1.5 TB, 2 RU",Unidad,5
385691,ASCENSOR DE 4 PARADAS PARA 7 PERSONAS DE 525 Kg,Unidad,6
385692,ASCENSOR DE 12 PARADAS PARA 15 PERSONAS DE 1125 Kg,Unidad,5
386603,"ESTACION DE TRABAJO DE ESCRITORIO CON PROCESADOR CORE I7 DE 4.20 GHZ, MEMORIA RAM 32 GB, DISCO DURO 1 TB HDD + TECLADO USB + MOUSE USB + SISTEMA OPERATIVO",Unidad,6
387863,TRACTOR AGRICOLA DE 36 HP,Unidad,14
387871,MOTOCULTOR A DIESEL DE 65 cm 10 HP,Unidad,15
387916,DOLUTEGRAVIR + LAMIVUDINA + TENOFOVIR 50 MG + 300 MG + 300 MG TAB,Unidad,6
387939,ARCO EN C ESTATICO DE RADIOSCOPIA PARA QUIROFANO,Unidad,8
387986,MICROSCOPIO TRINOCULAR Y OCULAR DE 10 X PARA EPIFLUORESCENCIA,Unidad,6
387987,MICROSCOPIO TRINOCULAR Y OCULAR DE 10 X PARA FLUORESCENCIA,Unidad,8
388095,SABANA DE BRAMANTE  100% ALGODON DE 2.80 m x 1.80 m APROX. Y 180 g/m2 COLOR BLANCO SIN ELASTICO,Unidad,5
388111,"SERVIDOR TIPO BLADE CON 02 PROCESADORES DE 16 NUCLEOS, 3.4 GHZ, MEMORIA RAM 512 GB, 02 DISCOS DUROS 240 GB",Unidad,11
388112,LAMPARA QUIRURGICA DE LUZ HALOGENA DE 220 V / 60HZ BASE RODABLE PARA CIRUGIA,Unidad,13
388113,MONITOR FETAL PANTALLA 12.1 in RESOLUCION DE 800 X 600 PIXELES CON DOS TRANSDUCTORES DE ULTRASONIDO Y REGISTRADOR CON IMPRESION,Unidad,9
388114,MONITOR FETAL GEMELAR PANTALLA 10 in RESOLUCION DE 800 X 400 PIXELES CON DOS TRANSDUCTORES DE ULTRASONIDO Y REGISTRADOR CON IMPRESION,Unidad,8
388313,"TELA CASIMIR DE COLOR 1.48 m ANCHO, 70% LANA Y 30% POLYESTER, 200 g/m2",Metro,61
388330,ESTRUCTURA DE TECHO DE COBERTIZO DOS AGUAS CON VIGAS DE MADERA CLASE C DE 6.00 m X 13.40 m DESARMADO SIN ACCESORIOS SIN COBERTURA,Unidad,7
388347,SISTEMA DE PROTECCION Y SEGURIDAD PARA RED - DETECCION DE MALWARE Y VIRUS EN LA RED,Unidad,7
388353,MONITOR MULTIPARAMETRO DE  FUNCIONES VITALES DE 8 PARAMETROS,Unidad,19
388357,SEMILLA DE ALFALFA MEDICAGO SATIVA DORMANCIA 3-4 CLASE NO CERTIFICADA,Kilogramo,29
388359,SEMILLA DE ALFALFA MEDICAGO SATIVA DORMANCIA 8-10 CLASE NO CERTIFICADA,Kilogramo,5
388368,CONECTOR DE MODULO LATERAL DE PUENTE MODULAR METALICO PREFABRICADO,Unidad,5
388465,CARPA DE POLIESTER CON RECUBRIMIENTO DE PVC DE 2.35 m X 3.10 m X 5.66 m APROX.,Unidad,5
388467,CARPA DE POLIESTER CON RECUBRIMIENTO DE POLIURETANO DE 2.30 m X 2.90 m X 2.93 m APROX.,Unidad,7
388609,FIBRA DE REFUERZO DE CONCRETO DE ACERO GRUPO I DE 0.75 mm,Kilogramo,8
388620,GUANTE DE NITRILO DESCARTABLE TALLA S PARA EXAMEN MEDICO,Unidad,5
388621,GUANTE DE NITRILO DESCARTABLE TALLA M PARA EXAMEN MEDICO,Unidad,8
388622,GUANTE DE NITRILO DESCARTABLE TALLA L PARA EXAMEN MEDICO,Unidad,7
388791,MODULO DICACTICO PARA CAPACITACION EN PROCEDIMIENTOS DEL PROCESAMIENTO DE CAFE,Unidad,7
388811,ESCOBA DE PAJA DE 2 ZUNCHOS Y 5 PITAS DE 1.60 m APROX.,Unidad,9
388856,MARCO PARA DESAGUE DE FIERRO FUNDIDO DE 65 cm DIAMETRO APROX.,Unidad,5
388858,TRACTOR AGRICOLA DE 93 HP,Unidad,77
388882,"UNIFORME CAMUFLADO DE ALGODON Y POLIAMIDA TAFETAN 40/2 Ne 16/1 Ne DE 203 - 237 g/m2 APROX. CUELLO NERU, MANGA LARGA (CAMISA, PANTALON Y GORRA) PARA CABALLERO",Unidad,23
388952,EQUIPO ELECTROMECANICO DE BOMBA DE INFUSION PORTATIL DE 10 L Y DE 2 CANALES PARA ADMINISTRAR SOLUCIONES DE FLUJO CONTINUO,Unidad,9
388957,COMPUTADORA PORTATIL DE 1.0 GHz 4 NUCLEOS RAM 8 GB CON DISCO SSD 500 GB MONITOR LED PLANO DE 14 in SISTEMA OPERATIVO SOFTWARE DE OFIMATICA ESPAÑOL CON TECLADO Y PANEL TACTIL BATERIA 4 HORAS,Unidad,5
388964,COMPUTADORA  DE ESCRITORIO MT DE 2.6 GHz 8 NUCLEOS RAM 32 GB CON DISCO SSD 500 GB Y DISCO HDD 1 TB MONITOR LED PLANO DE 24 in SISTEMA OPERATIVO SOFTWARE DE OFIMATICA ESPAÑOL CON TECLADO USB Y MOUSE OPTICO,Unidad,12
388983,CASACA DE NAILON IMPERMEABLE TAFETAN DE 181 g/m2 APROX. CON FORRO MANGA LARGA PARA CABALLERO,Unidad,8
388986,BATERIA DE LITIO TIPO 606090 DE 3.7 V 4000 mAH,Unidad,6
389011,UNIFORME DE SEGURIDAD DE ALGODON Y POLIESTER TAFETAN 40/2 Ne 16/1 Ne DE 230 g/m2 MANGA LARGA PARA CABALLERO,Unidad,45
389013,GORRA DE ALGODON Y POLIESTER TAFETAN 18/1 Ne 12/1 Ne DE 255 g/m2 CON VISERA PARA CABALLERO,Unidad,6
389014,CASACA DE ALGODON Y POLIESTER TAFETAN DE 170 g/m2 APROX. CON FORRO MANGA LARGA CON CAPUCHA PARA CABALLERO,Unidad,6
389021,"ESTACION DE TRABAJO DE ESCRITORIO CON 2 PROCESADORES XEON DE 2.00 GHZ, MEMORIA RAM 96 GB, DISCO DURO 512 GB SSD Y 1 TB HDD + MONITOR LED 20 in + TECLADO USB + MOUSE USB + SISTEMA OPERATIVO",Unidad,8
389030,GEOMALLA DE POLIESTER REVESTIDA DE PVC DE 28 mm X 28 mm,M2,13
389049,"TERNO (SACO, CHALECO, PANTALON) DE LANA SARGA 2/2 Nm 2/23 Nm 2/23 DE 282 g/m2 PARA CABALLERO",Unidad,17
389050,"TERNO (SACO, CHALECO, PANTALON) DE LANA SARGA 2/2 Nm 2/23 Nm 2/23 DE 282 g/m2 PARA DAMA",Unidad,13
389121,PLANTA GRASS KIKUYO - PENNISETUM CLANDESTINUM,M2,26
389146,PLUVIOMETRO DE ALUMINIO BASCULANTE DE 400 cm2,Unidad,5
389148,REGISTRADOR CONVERSOR ANALOGICO DIGITAL DE 10 SENSORES PARA DATOS,Unidad,7
389154,"COMPOST LIBRE DE EFECTOS FITOTOXICOS PARTICULAS DE 16 mm PH 5,0 A 8,5 PARA USO AGRICOLA",Kilogramo,19
389156,FERTILIZANTE SULFATO DE ZINC HEPTAHIDRATADO CRISTALIZADO SOLUBLE CON 22% ZnO,Kilogramo,6
389174,"TELA LANILLA DE COLOR 1.60 m ANCHO, 65% POLYESTER Y 35% VISCOSA, 215 g/m2",Metro,18
389175,"TELA CASIMIR BLANCO 1.50 m ANCHO, 65% POLYESTER Y 35% VISCOSA, 295 g/m2",Metro,13
389181,TOALLA DE FELPA DE COLOR 140 cm X 75 cm PARA CUERPO,Unidad,8
389187,Colector de datos,Unidad,5
389254,PUNTO DE ACCESO INALAMBRICO DE 2.5 Gbps 4 DBI,Unidad,9
389275,SEMILLA DE FESTUCA AZUL - FESTUCA GLAUCA BUDDY,Kilogramo,5
389288,SISTEMA DE VIDEO VIGILANICA CON CAMARAS IP,Unidad,23
389307,PRENSA HIDRAULICA DE MANO PARA TERMINALES,Unidad,6
389311,ESPECTROMETRO ELECTRONICO DE ALTA RESOLUCIONDE ANCHO DE BANDA 200 nm A 100nm PARA RADIOASTRONOMIA,Unidad,11
389325,CARNE DE RES SIN HUESO REFRIGERADO CORTE BOLA DE LOMO,Kilogramo,6
389332,CARNE DE RES SIN HUESO REFRIGERADO CORTE LOMO FINO,Kilogramo,5
389397,"CORREAJE DE CUERO CON HEBILLA REDONDA,PUNTERA DE BRONCE Y MOSQUETON DE 110 cm x 3.3 cm PARA CABALLERO",Unidad,12
389500,ESPECTROFOTOMETRO DIGITAL UV-VIS ELECTRONICO DE 220 a 100 nm CON INCUBADORA DE 45 C Y LECTOR DE MICROPLACAS,Unidad,19
389518,CAMPO QUIRURGICO DE TELA NO TEJIDA ALTA ABSOCION DE COLOR 0.45 m. X 0.45 m. 65 g/m2,Unidad,6
389519,CAMPO QUIRURGICO DE TELA NO TEJIDA ALTA ABSOCION DE COLOR 0.90 m. X 0.90 m. 65 g/m2,Unidad,6
389522,MAQUINA ELECTRONICA DE HEMODIALISIS CON SISTEMA DE DESINFECCION Y 2 BRAZALETES PARA USO HOSPITALARIO,Unidad,8
389544,CARPA DE POLIESTER CON RECUBRIMIENTO DE VINIL EN FORMA DE PRISMA CAPACIDAD 08 PERSONAS DE 6 m X 4 m X 2.50 m,Unidad,7
389545,SISTEMA DE CLORACION MECANICO POR GOTEO DE CARGA CONSTANTE CON TANQUE DE POLIETILENO 3 CAPAS DE 600 L CON PROTECCION TIPO CASETA METALICA PARA ANALISIS DE AGUA,Unidad,20
389560,HEMOGLOBINÓMETRO DIGITAL PORTATIL DE 10 ul. PARA USO DE LABORATORIO,Unidad,42
389571,MESA DE ESTUDIANTE DE INICIAL DE MADERA DE 70 cm X 140 cm X 50 cm,Unidad,7
389579,PISO DEPORTIVO MULTICAPA DE POLIURETANO DE 11 mm,M2,10
389589,CHAQUETA DE TELA NO TEJIDA DE POLIPROPILENO DESCARTABLE NO ESTERIL DE 45 g/m2 TALLA M PARA USO HOSPITALARIO,Unidad,8
389611,FERTILIZANTE SULFATO DE POTASIO SOLIDO AL 50 %,Kilogramo,34
389613,CAMARA DE FLUJO LAMINAR ACERO VERTICAL DE 200 cm X 150 cm X 210cm APROX. PARA USO EN LABORATORIO,Unidad,6
389614,TEXTUROMETRO UNIVERSAL DIGITAL DOBLE COLUMNA DE 5kN,Unidad,9
389617,"ROTAEVAPORADOR DIGITAL DE 280 RPM CON BOMBA DE VACIO DE 1,8 m3 Y CHILLER DE + 25 ° C",Unidad,5
389659,INOCULANTE BIOLOGICO DE MICROORGANISMOS CONCENTRADO EN LATENCIA 1.2 X 10  UFC/mL SOL,Litro,8
389718,ADAPTADOR DE CABLE DE FIBRA OPTICA 02F LC DUPLEX PARA CABLEADO ESTRUCTURADO,Unidad,5
389727,CATETER ENDOVENOSO DE POLIMERO TIPO PERIFERICO DE 18 G X 1 1/4 in CON DISPOSITIVO DE BIOSEGURIDAD,Unidad,6
389730,CATETER ENDOVENOSO DE POLIMERO TIPO PERIFERICO DE 24 G X 3/4 in CON DISPOSITIVO DE BIOSEGURIDAD,Unidad,5
389755,SEMILLA DE AVENA SATIVA L. CULTIVARES DIVERSOS CLASE NO CERTIFICADA,Kilogramo,43
389756,SEMILLA DE AVENA SATIVA L. CULTIVARES DIVERSOS CLASE CERTIFICADA,Kilogramo,19
389759,FERTILIZANTE FOLIAR MANGANESO AL 95 % SOLIDO,Kilogramo,5
389760,CAL HIDRATADA AGRICOLA HIDROXIDO DE CALCIO 40% POLVO,Kilogramo,14
389761,FUNGICIDA ACARICIDA AGRICOLA AZUFRE AL 80% GRANULOS DISPERSABLES EN AGUA (WG),Kilogramo,9
389779,FIDEOS CORTOS DIVERSOS,Kilogramo,6
389780,FIDEOS LARGOS DIVERSOS,Kilogramo,18
389855,CASSETTE DESCARTABLE DE RIEGO ACTIVO PUNTA BISELADA 0.9 mm ABS 45 PARA FACOEMULSIFICACION,Unidad,7
389858,IMPRESORA TIPO CODIFICADORA DE TARJETAS DE IDENTIFICACION DE SUBLIMACION DE TINTA A COLOR DUPLEX TAMAÑO CR-80 DE 100 TARJETAS 600 X 600 ppp,Unidad,11
389879,CONSERVA DE JUREL ENTERA EN SALSA DE TOMATE ENVASE DE HOJALATA DE 425 g,Unidad,7
389880,CONSERVA DE BONITO EN FILETE EN ACEITE VEGETAL ENVASE DE HOJALATA.,Unidad,5
389881,CONSERVA DE JUREL EN FILETE EN ACEITE VEGETAL ENVASE DE HOJALATA.,Unidad,8
389890,ULTRACONGELADORA ELECTRICA VERTICAL DE 408 L,Unidad,6
389892,AGITADOR DIGITAL DE SOBREMESA PARA BOLSA DE SANGRE USO EN LABORATORIO,Unidad,6
389896,ELECTROBISTURI DIGITAL A GAS ARGON DE 200 MHz PARA ENDOSCOPIA,Unidad,10
389930,BRONCOSCOPIO DIGITAL FLEXIBLE DE 60 cm IMAGEN HD PARA USO HOSPITALARIO,Unidad,12
389932,CISTORESECTOSCOPIO DIGITAL UNIPOLAR 19 FR PARA USO HOSPITALARIO,Unidad,8
389933,PROCESADOR AUTOMATICO CERRADO X 1.5 L PARA TEJIDOS,Unidad,14
389975,MOTOGUADAÑA DE 2.6 HP,Unidad,13
389982,MESA DE ACERO INOXIDABLE DE 1.95 m X 0.65 m X 0.68 m CON COLCHONETA DE TRES CUERPOS PARA EXAMENES Y CURACIONES,Unidad,7
389985,DIALIZADOR DE BAJO FLUJO DE MEMBRANA POLISULFONA DE 1.0 m2 PARA HEMODIALIS,Unidad,16
389986,DIALIZADOR DE BAJO FLUJO DE MEMBRANA POLISULFONA DE 0.8 m2 PARA HEMODIALIS,Unidad,7
390000,SISTEMA DE LINEA ARTERIAL Y VENOSA DE PVC CON CAMARA DE GOTEO PARA HEMODIALISIS ADULTO,Unidad,29
390027,CINTA DE ALMACENAMIENTO BACKUP DE 6/15 TB,Unidad,7
390029,ESPECTROMETRO DIGITAL DE FLUORESCENCIA DE RAYOS-X POR REFLEXION TOTAL CON TRES MONOCROMADORES,Unidad,12
390067,TRITURADOR ELECTRICO PORTATIL CON ESTERILIZADOR A VAPOR PARA RESIDUOS SOLIDOS,Unidad,5
390069,LAVADORA AUTOMATICA DE ACERO INOXIDABLE DE 1.00 m X 0.65 m PARA CHATAS,Unidad,8
390071,ELECTROCARDIOGRAFO DIGITAL DE 250 BPM CON 7 DERIVACIONES,Unidad,13
390072,ELECTROENCEFALOGRAFO DIGITAL CON 20 ELECTRODOS,Unidad,9
390074,LAMPARA ELECTRICA DE HENDIDURA CON TONOMETRO DE APLANACION DE 5 OBJETIVOS Y OCULARES DE 10 X,Unidad,10
390075,OFTALMOSCOPIO DIGITAL TIPO INDIRECTO FILTRO VERDE CON DOS LENTES,Unidad,5
390076,OFTALMOSCOPIO DIGITAL TIPO INDIRECTO DE 810 nm CON DOS LENTES Y CINTA ACOLCHADA,Unidad,6
390175,MICROCUBETA DE PLASTICO DESCARTABLE PARA HEMOGLOBINOMETRO TIPO PORTATIL,Unidad,116
390188,MOTOGUADAÑA DE 2.0 HP,Unidad,52
390194,CAMISETA DE ALGODON 100% JERSEY DE 40/2 Nm Y 190 g/m2 MODELO DEPORTIVO MANGA CORTA CUELLO REDONDO PARA DAMA,Unidad,7
390197,CAMISETA DE ALGODON JERSEY DE 20/1 Nm Y 190 g/m2 APROX. MODELO DEPORTIVO MANGA CORTA CUELLO REDONDO PARA CABALLERO,Unidad,6
390206,PLANTONES INJERTADOS DE PALTA FUERTE-PERSEA AMERICANA,Unidad,21
390207,PLANTONES INJERTADOS DE PALTA HASS-PERSEA AMERICANA,Unidad,15
390208,BOVINO BROWN SWISS PPC HEMBRA,Unidad,22
390209,BOVINO BROWN SWISS VAQUILLONA,Unidad,25
390212,GORRO DRILL 100% ALGODON COLOR ENTERO Y 250 g/m2 CON LOGOTIPO,Unidad,7
390216,MICROTOMO ELECTRONICO AUTOMATICO TIPO GIRATORIO 5 VELOCIDADES DE 57.5 cm X 40.5 cm X 32.5 cm,Unidad,22
390219,BOMBA FUMIGADORA A MOTOR TIPO ESTACIONARIA DE 5.5 HP,Unidad,14
390227,DETECTOR DE RAYOS X DIGITAL TIPO MALETIN PARA EQUIPOS DE SEGURIDAD,Unidad,8
390232,RADIO PORTATIL DIGITAL TIPO HANDY DOS VIAS FRECUENCIA 900MHZ PARA COMUNICACION,Unidad,11
390250,SISTEMA DE AIRE ACONDICIONADO INDUSTRIAL CHILLER TIPO SCROLL DE 160 Ton,Unidad,6
390252,ELECTROBOMBA CENTRIFUGA VERTICAL TRIFASICA DE 10 HP 440 V 25 L/s,Unidad,37
390258,TRANSDUCTOR DE PRESION INVASIVA DE 300 mmHg x 1.30 m PARA MONITOR,Unidad,5
390262,MANDIL DE TELA NO TEJIDA DE POLIPROPILENO DESCARTABLE NO ESTERIL DE 40 g/m2 TALLA XL PARA USO DE PERSONAL DE SALUD,Unidad,5
390263,RESPIRADOR DE POLIPROPILENO DESCARTABLE TIPO N-95 SIN VALVULA CON CLIP NASAL Y 2 BANDAS,Unidad,13
390283,PAJILLA DE SEMEN DE BOVINO RAZA DIVERSA DE 0.25 cc CON ESPERMATOZOIDES NO SEXADOSCONGELADOS.,Unidad,6
390290,UNIFORME PARA EL PERSONAL ADMINISTRATIVO,Unidad,527
390296,ESPATULA DE POLIURETANO LIMPIADORA PARA HEMOGLOBINOMETRO PORTATIL,Unidad,8
390318,"CRANEOTOMO ELECTRICO DIGITAL DE 65,000 rpm PANTALLA TACTIL PARA USO QUIRURGICO",Unidad,9
390352,MESA DE ESTUDIANTE DE PRIMARIA DE METAL Y MADERA DE 50 cm X 60 cm X 61 cm,Unidad,5
390374,MAQUINA SELLADORA AL VACIO DE 35 cm X 30 cm,Unidad,5
390395,SISTEMA DE PCR DIGITAL POR GOTAS 20ul X 96 MUESTRAS PARA USO DE LABORATORIO,Unidad,5
390426,CAMISACO DE ALGODON 100% DRILL MERCERIZADO 34/2 Ne DE 255 g/m2 APROX. CUELLO SPORT MANGA LARGA CINTA REFLEXIVA EN ESPALDA Y BRAZOS PARA DAMA,Unidad,10
390504,DIGESTOR DIGITAL POR MICROONDAS X 56 LITROS DE 0 A 200 C,Unidad,14
390510,ASFALTO MICROAGLOMERADO TIPO SLURRY,M3,11
390511,PISO DE CAUCHO EPDM DE 10mm Y SBR DE 20 mm X 1.00 m X 1.00 m,M2,13
390512,SEMILLA DE GRASS INGLES - RYE LOLIUM PERENNE- VAR NUI,Kilogramo,11
390513,SEMILLA DE GRASS ITALIANO- LOLIUM MULTIFLORUM- CULTIVAR,Kilogramo,5
390514,GASOLINA REGULAR,Galon,258
390515,GASOLINA PREMIUM,Galon,10
390516,GASOHOL REGULAR,Galon,567
390517,GASOHOL PREMIUM,Galon,211
390518,GANADO VACUNO CRUCE GIROLANDO F1 HOLSTEIN X GYR LECHERO HEMBRAS,Unidad,36
390524,CENTRIFUGA MECANICA DE ACERO INOXIDABLE DE 65 cm X 42 cm CON 3 BASTIDORES,Unidad,9
390528,"ZAPATO CON PASADOR A PRUEBA DE OXIDO, SUELA DE GOMA EVA MD, LENGUETA Y CUELLO ACOLCHADO PARA CABALLERO",Unidad,6
390529,"SERVIDOR TIPO RACK CON 2 PROCESADOR DE 3.0 GHZ, MEMORIA RAM 256 GB, 3 DISCO DURO 960 GB Y 7 DISCO DURO DE 8TB, 2 RU",Unidad,8
390530,"SERVIDOR TIPO RACK CON 2 PROCESADOR DE 3.0 GHZ, MEMORIA RAM 128 GB, 3 DISCO DURO 960 GB, 2 RU",Unidad,5
390539,ESTANTE FIJO DE MELAMINA DE 1 CUERPOS 6 DIVISIONES SIN GAVETAS Y SIN PUERTA,Unidad,8
390554,ALIMENTO BALANCEADO CRECIMIENTO I PARA TRUCHAS,Kilogramo,5
390558,MASCARILLA DESCARTABLE TIPO KN95,Unidad,9
390640,"CASACA DE TASLAN Y POLIESTER IMPERMEABLE RESPIRABLE SARGA DE 138 g/m2 APROX. CON FORRO DE MICROPOLAR, MANGA LARGA, CAPUCHA DESMONTABLE, CON DOS BOLSILLOS EXTERNOS LATERALES INFERIORES Y DOS BOLSILLOS INTERNOS SUPERIOR DELANTERO,GARETON CON BROCHES,TAPACIERRE, PASADOR AJUSTABLE INFERIOR Y BRAZOS CON PUÑO ELASTICADO PARA CABALLERO",Unidad,5
390642,"CHALECO DE ALGODON MERCERIZADO Y SANFORIZADO NO REVERSIBLE DE 260 g/m2 SARGA 3/1 Nm CUELLO TIPO V, DOS BOLSILLOS ESTERNOS SUPERIORES TIPO TAPA CON BROCHES Y DOS BOLSILLOS EXTERNOS INFERIORES CON CIERRE Y REGULADORES DE CINTA RIGIDA EN LA ESPALDA PARA CABALLERO",Unidad,5
390644,HARINA INSTANTANEA DE MAIZ AMILACEO,Kilogramo,10
390645,CONSERVA DE ENTERO DE JUREL EN ACEITE VEGETAL ENVASE DE LATA X 425 g,Unidad,20
390681,ALAMBRE DE ACERO GALVANIZADO Nº 18,Unidad,7
390706,MALLA DE ALAMBRE CUADRADA TEJIDA DE FIERRO GALVANIZADO DE 2 in X 2 in X 1/8 in X 2.00 m,Unidad,5
390766,SISTEMA DE CLORACION MECANICO POR GOTEO DE CARGA CONSTANTE CON TANQUE DE POLIETILENO 3 CAPAS DE 600 L Y DOBLE RECIPIENTE DE 70 L CON PROTECCION TIPO CASETA METALICA,Unidad,12
390767,EQUIPO MICROGOTERO DE PVC CON RESERVORIO 100 mL,Unidad,9
390769,DESINFECTANTE GERMICIDA EN ESPUMA PARA SUPERFICIES ALTAS,Unidad,6
390778,CARPA DE POLIESTER CON RECUBRIMIENTO DE PVC DE 3.00 M X 6.00 M X 6.00 M APROX,Unidad,6
390779,HEMOGRAMA AUTOMATIZADO DIFERENCIAL 3 ESTIRPES y 16 PARAMETROS PARA USO DE LABORATORIO CLINICO,Unidad,18
390789,TERNO (SACO Y PANTALON) DE LANA 70% Y POLIESTER 30% DE 2/43 Nm DE 198 g/m2 PARA CABALLERO,Unidad,9
390790,TERNO (SACO FALDA Y PANTALON) DE LANA 70% Y POLIESTER 30% DE 2/43 Nm DE 198 g/m2 PARA DAMA,Unidad,6
390791,GORRA DE DRILL DE 20/1 Ne Y 16/1 Ne DE 220 g/m2 APROX. MODELO VISCERA TIPO ARABE,Unidad,14
390796,BOLARDO FLEXIBLE TIPO CILINDRICO DE POLIURETANO DE 75 cm X 20 cm,Unidad,5
390806,CONCRETO PREMEZCLADO FC 175 kg/cm2 CON CEMENTO TIPO IP Y PIEDRA DE 1 in,M3,7
390807,CONCRETO PREMEZCLADO FC 175 kg/cm2 CON CEMENTO TIPO IP Y PIEDRA DE 3/4 in,M3,25
390808,CONCRETO PREMEZCLADO FC 210 kg/cm2 CON CEMENTO TIPO IP Y PIEDRA DE 1 in,M3,54
390809,CONCRETO PREMEZCLADO FC 210 kg/cm2 CON CEMENTO TIPO IP Y PIEDRA DE 3/4 in,M3,169
390810,CONCRETO PREMEZCLADO FC 280 kg/cm2 CON CEMENTO TIPO IP Y PIEDRA DE 1 in,M3,12
390811,CONCRETO PREMEZCLADO FC 280 kg/cm2 CON CEMENTO TIPO IP Y PIEDRA DE 3/4 in,M3,24
390812,PUNTO DE ACCESO INALAMBRICO DE 5.0 Gbps 4 DBI,Unidad,6
390813,CONTROLADOR DE PUNTOS DE ACCESO INALAMBRICO DE 100 PUNTOS,Unidad,6
390815,PURIFICADOR DE AGUA DE LABORATORIO DE 6 L 0.6 L/min,Unidad,12
390824,OVINO JUNIN MACHO,Unidad,9
390839,OVINO JUNIN HEMBRA,Unidad,13
390898,"ARMARIO EMPOTRADO DE MELAMINA DE 2 CUERPOS, 2 PUERTAS BATIENTES, SIN GAVETAS",Unidad,6
390913,MUEBLE DE MELAMINA DE 18 mm CON ESPALDAR DE 3 mm Y TAPACANTOS,Unidad,7
390914,MUEBLE DE MELAMINA DE 1.00 m X 0.40 m X 1.00 m CON ESPALDAR,Unidad,9
390933,ESTANTE MOVIL DE MELAMINA DE 1 CUERPO CON 10 DIVISIONES SIN GAVETAS Y PUERTAS,Unidad,5
390934,ELECTROENCEFALOGRAFO DIGITAL CON 25 ELECTRODOS,Unidad,5
390958,GUANTE DE CUERO BADANA TALLA 8 CORTO,Unidad,6
390993,MONITOR DE PRESION INTRACRANEAL PANTALLA TACTIL Y REGISTRO DE TEMPERATURA PORTATIL,Unidad,7
391148,PURIFICADOR DE AGUA ULTRA PURA A PARTIR DE AGUA POTABLE 2 L/min X 25 L,Unidad,8
391149,LECTOR PARA MICROPLACAS DE 384 POZOS 45 C BASADOS EN MONOCROMADOR,Unidad,5
391171,SISTEMA AUTOMATIZADO PARA CARGA VIRAL VIH 1 POR PCR EN TIEMPO REAL,Unidad,6
391306,LECHE EVAPORADA SIN LACTOSA X 400 g APROX.,Unidad,14
391307,LECHE EVAPORADA SEMI DESCREMADA X 400 g APROX.,Unidad,14
391337,SISTEMA DE SECUENCIAMIENTO MASIVO PARA ANALIZADOR GENETICO AUTOMATIZADO,Unidad,9
391354,CASACA DE TASLAN IMPERMEABLE DE 250 g/m2 APROX. CON FORRO POLAR MANGA LARGA DESMONTABLE CON DOS BOLSILLOS EXTERNOS LATERALES INFERIORES CUELLO PRETINA PARA CABALLERO,Unidad,5
391365,CAMISA DE ALGODON 58% Y POLIESTER 42% OXFORD DE 170 g/m2 APROX. CUELLO CAMISERO MANGA LARGA PARA CABALLERO,Unidad,11
391374,CASACA 100 % POLIESTER DE 150/1 De 165 g/m2 IMPERMEABLE CON FORRO POLAR MANGA LARGA DESMONTABLE 2 BOLSILLOS LATERALES PARA CABALLEROS,Unidad,26
391375,CASACA 100 % POLIESTER DE 150/1 De 165 g/m2 IMPERMEABLE CON FORRO POLAR MANGA LARGA DESMONTABLE 2 BOLSILLOS LATERALES PARA DAMAS,Unidad,5
391395,MALLA DE ALAMBRE GALVANIZADO RECUBRIMIENTO ALEACION 90% ZINC + 10% ALUMINIO DE 160 gr/m2 DE 1.20 m X 100 m USO EN GANADERIA,Unidad,29
391396,MALLA DE ALAMBRE GALVANIZADO RECUBRIMIENTO ALEACION 90% ZINC + 10% ALUMINIO DE 160 gr/m2 DE 0.90 m X 100 m USO EN GANADERIA,Unidad,17
391398,MONITOR DE FUNCIONES VITALES PROGRAMABLE ADULTO/PEDIATRICO TIPO FIJO DE 05 PARAMETROS PARA USO INTRAHOSPITALARIO,Unidad,7
391399,MONITOR DE FUNCIONES VITALES PROGRAMABLE ADULTO/PEDIATRICO TIPO FIJO DE 08 PARAMETROS PARA USO INTRAHOSPITALARIO,Unidad,6
391419,ESTRUCTURA DE TECHO DE COBERTIZO DOS AGUAS CON TIJERALES DE MADERA CLASE C DE 6.64 m X 13.20 m DESARMADO SIN ACCESORIOS SIN COBERTURA,Unidad,14
391420,ESTRUCTURA DE TECHO DE COBERTIZO DOS AGUAS CON VIGAS DE MADERA CLASE C DE 6.64 m X 13.20 m DESARMADO SIN ACCESORIOS SIN COBERTURA,Unidad,18
391439,MICROBUS DE 15 PASAJEROS,Unidad,10
391444,HOJUELA INSTANTANEA DE AVENA,Kilogramo,14
391445,HOJUELA CRUDA DE AVENA,Kilogramo,21
391468,ELECTROBOMBA SUMERGIBLE TRIFASICA DE 80 HP 380 V 40 L/s PARA AGUAS RESIDUALES,Unidad,16
391515,BARANDA DE TUBO DE ACERO DE 2 1/2 in X 1.85 m X 3.00 m,Unidad,8
391530,ELECTROBISTURI CON DOBLE FRECUENCIA PARA CORTE Y COAGULACION USO QUIRURGICO,Unidad,32
391570,MANDIL IMPERMEABLE DE PROTECCION TALLA L 100% POLIESTER 130 g/m2 COLOR ENTERO PARA CIRUJANO,Unidad,6
391578,"HOJUELA DE AVENA, QUINUA Y KIWICHA PRECOCIDA ENRIQUECIDA CON VITAMINAS Y MINERALES",Kilogramo,489
391584,"GASA FRACCIONADA ESTERIL 7,5 cm X 7,5 cm DE 16 PLIEGUES X 5 UNI",Unidad,6
391601,ESTANTERIA DE FIERRO TIPO RACK SELECTIVO SISMORESISTENTE DE 3 NIVELES 4 PISOS DE 27.75 m X 51.50 m X 11.00 m,Unidad,11
391609,SISTEMA DE FIJACION TRANSPEDICULAR DE TITANIO UNIVERSAL,Unidad,6
391624,CONSERVA DE SANGRE DE RES EN ENVASE DE HOJALATA,Unidad,7
391627,PANTALON DE ALGODON 100% DRILL 2/2 Z DE 295 g/m2 APROX. PRETINA DE BOTON  Y 2 BOLSILLOS DELANTEROS SESGADOS Y 2 POSTERIORES CON OJAL  PARA CABALLERO,Unidad,12
391645,CAMPIMETRO COMPUTARIZADO CON DATOS ESTADISTICOS,Unidad,5
391651,ASPIRADOR DE SECRECIONES ELECTRICO DE SOBREMESA CON BOLSA DESECHABLE DE 2000 ml,Unidad,5
391661,INSECTICIDA BIOLOGICO AGRICOLA HONGO BEAUVERIA BASSIANA AL 1 X 10 Exp. 9 CONIDIOS/g POLVO MOJABLE (WP),Kilogramo,6
391696,ALAMBRE DE PUAS TIPO CONVENCIONAL DE ACERO DE 2.5 mm,Unidad,7
391712,"BOTA TIPO BORCEGUI DE CUERO BOX CALF, SUELA DE CAUCHO, PUNTERA TERMOPLASTICO, MEDIA CAÑA CUELLO ACOLCHADO PARA DAMA",Unidad,11
391725,MAQUINA DIGITAL DE RECUBRIMIENTO PARA EL METALIZADO CON ORO Y EVAPORACION DE CARBON POR PULVERIZACION CATODICA,Unidad,5
391761,FERTILIZANTE DE MICRONUTRIENTES N + P + K + S + Mg + B + Zn  19% + 4% + 19% + 2% + 3% + 0.1% + 0.1% GRANULADO,Unidad,10
391787,CLORO GAS LICUADO 99.5% x 68 Kg,Kilogramo,7
391790,ROCA FOSFORICA P2O5 + CaO + SiO2 22% + 34% + 20% GRANO FINO,Unidad,11
391871,HOMOGENIZADOR ULTRASONICO HORIZONTAL DE 800 W X 2000 mL APROX. PARA USO DE LABORATORIO,Unidad,7
391872,CAMION BARANDA PARA CARGA DE 5 t,Unidad,30
391873,TORRE DE ILUMINICACION TELESCOPIO DE 8.5 m MOTOR 3 CILINDROS,Unidad,11
391888,IMPRESORA 3D TIPO MODULO DE EXTRUCCION DE FILAMENTOS VOLUMEN DE 300 X 330 X 330 mm Y RESOLUCION 0.1 mm X 0.4 mm SIN ESCANER SIN COPIADORA,Unidad,5
391894,CIRCUITO CERRADO DE VIDEO VIGILANCIA DE 27 CAMARAS,Unidad,5
392071,CONSERVA DE ENTERO DE SARDINA PERUANA O ANCHOVETA EN ACEITE VEGETAL EN CALIDAD A ENVASE DE LATA X 425 g,Unidad,5
392085,CONSERVA DE FILETE DE ATUN EN ACEITE VEGETAL ENVASE DE LATA X 140 g,Unidad,6
392111,FRAZADA,Unidad,19
392138,GASA FRACCIONADA ESTERIL 10 cm X 10 cm DE 8 PLIEGUES X 5 UNI,Unidad,14
392152,OVINO REPRODUCTOR MACHO RAZA DORPER,Unidad,7
392153,OVINO REPRODUCTOR MACHO RAZA CORRIEDALE,Unidad,6
392161,CAMION COMPACTADOR DE BASURA DE 15 m3,Unidad,102
392188,ESTACION DE INCLUSION DE PARAFINA TIPO SOBREMESA X 3 L DE 55C A 70C,Unidad,5
392197,BUTACA CON ASIENTO Y RESPALDAR PARA AUDITORIO,Unidad,14
392228,LUMINARIA LED 15 W 240 V PARA ADOSAR,Unidad,6
392233,BORREGA HEMBRA REPRODUCTORA DE OVINO CRIOLLO,Unidad,6
392236,OLAPARIB 150 mg TAB,Unidad,12
392238,JUEGO DIDACTICO DE INSTRUMENTOS MUSICALES DE MADERA X 10  PIEZAS,Unidad,5
392248,ELECTROBOMBA CENTRIFUGA HORIZONTAL MAGNETICA DE 220 V 1100 L,Unidad,9
392267,"ADALIMUMAB 40 mL (0,4 mL) INYECTABLE",Unidad,7
392301,SOFTWARE (INC. LICENCIA) PARA  ORACLE DATABASE ENTREPRISE EDITION,Unidad,10
392395,MONITOR DE FUNCIONES VITALES ADULTO/PEDIATRICO TIPO FIJO DE 07 PARAMETROS PARA USO INTRAHOSPITALARIO,Unidad,12
392494,"SERVIDOR TIPO RACK CON 02 PROCESADORES DE 2.0 GHZ, MEMORIA RAM DE 256 GB DDR5, 02 DISCOS DUROS DE 480 GB SSD, 2 RU",Unidad,7
392527,PANTALLA LED DE 8m x 4m,Unidad,15
392540,ZAPATO DE CUERO TIPO BOX CALF MODELO BLUCHER CON TALÓN ACOLCHADO Y SISTEMA CEMENTADO CON COSTURA BLAKE PARA CABALLERO,Unidad,5
392542,PANTALLA INTERACTIVA MULTITACTIL LED DE 86 in APROX,Unidad,13
392546,TORRE DE VIDEO CIRUGIA LAPAROSCOPIA,Unidad,12
392614,SERVIDOR RACK CON PROCESADOR DE 16 NUCLEOS 2.1 GHZ MEMORIA RAM 512 GB DISCO DE 7.2 TB,Unidad,7
392620,NUCLEO DE ABEJAS CON 4 BASTIDORES DE MADERA,Unidad,5
392668,"MALLA GANADERA DE 1,20 m  x 100 m DE ALAMBRE GALVANIZADO RECUBRIMIENTO ALEACIÓN 95% ZINC + 5% ALUMINIO-160 g/m2, LIVIANA",Unidad,19
392669,"MALLA GANADERA DE 0,90 x 100 m DE ALAMBRE GALVANIZADO RECUBRIMIENTO ALEACIÓN 95% ZINC + 5% ALUMINIO-160 g/m2, LIVIANA",Unidad,7
392724,MODULO DE SEGURIDAD TIPO M1 DE FIERRO GALVANIZADO PARA EQUIPOS DE CLORACION,Unidad,6
392745,MANDIL DE TELA NO TEJIDA DE POLIPROPILENO DESCARTABLE NO ESTERIL DE 40 g/m2 TALLA M PARA USO DE PERSONAL DE SALUD.,Unidad,8
392753,"BUZO DE GABARDINA 45%,LANA 55% Y POLIESTER INCLUYE CASACA SIN CAPUCHA Y PANTALON CON ELASTICO EN CINTURA PARA DAMA",Unidad,15
392754,"BUZO DE GABARDINA 45%,LANA 55% Y POLIESTER INCLUYE CASACA SIN CAPUCHA Y PANTALON CON ELASTICO EN CINTURA PARA CABALLERO",Unidad,53
392757,"BLUSA DE LANILLA 45%,LANA 55% Y POLIESTER  DE 145 g/m2 APROX. 40/2 CUELLO CAMISERO MANGA CORTA PARA DAMA",Unidad,17
392758,"CAMISA DE LANILLA 45%,LANA 55% Y POLIESTER  DE 145 g/m2 APROX. 40/2 CUELLO CAMISERO MANGA CORTA PARA DAMA",Unidad,68
392759,"GORRO LANILLA 45%, LANA 55% Y POLIESTER COLOR ENTERO 125 g/m2 CON VISERA DE PLASTICO TIPO PICO DE PATO",Unidad,11
392761,CAMISETA DE JERSEY 90% ALGODON DE 20/1 Ne Y 205 g/m2 MODELO DEPORTIVO MANGA CORTA CUELLO REDONDO PARA DAMA,Unidad,7
392762,CAMISETA DE JERSEY 90% ALGODON DE 20/1 Ne Y 205 g/m2 MODELO DEPORTIVO MANGA CORTA CUELLO REDONDO PARA CABALLERO,Unidad,22
392764,CAMISETA DE POLIESTER 100% DE 40/2 Ne Y 146 g/m2 MODELO DEPORTIVO MANGA CORTA CUELLO REDONDO PARA CABALLERO,Unidad,21
392765,CAMISETA DE POLIESTER 92% SPANDEX 8% 40/2 Ne DE 210 g/m2 APROX. MANGA LARGA CUELLO TORTUGA PARA DAMA,Unidad,5
392766,CAMISETA DE POLIESTER 92% SPANDEX 8% 40/2 Ne DE 210 g/m2 APROX. MANGA LARGA CUELLO TORTUGA PARA CABALLERO,Unidad,17
392767,PANTALON CORTO-SHORT DE POLIESTER 95% Y 5% SPANDEX 230 g/m2 MODELO DEPORTIVO CON FORRO PRETINA CON ELASTICO Y CORDON PARA DAMA,Unidad,5
392768,PANTALON CORTO-SHORT DE POLIESTER 95% Y 5% SPANDEX 230 g/m2 MODELO DEPORTIVO CON FORRO PRETINA CON ELASTICO Y CORDON PARA CABALLERO,Unidad,17
392769,PANTALON DE LANILLA 45% Y POLIESTER 55% SARGA DE 1/1 Nm DE 217 g/m2  MODELO CLASICO PARA CABALLERO,Unidad,86
392770,PANTALON DE LANILLA 45% Y POLIESTER 55% SARGA DE 1/1 Nm DE 217 g/m2  MODELO CLASICO PARA DAMA,Unidad,20
392771,"CASACA DE GABARDINA 45%,LANA 55% Y POLIESTER SIN CAPUCHA PARA DAMA",Unidad,17
392772,"CASACA DE GABARDINA 45%,LANA 55% Y POLIESTER SIN CAPUCHA PARA CABALLERO",Unidad,69
392773,CRISTINA DE LANILLA 45%Y POLIESTER 55% 40/2 Ne DE 255 g/m2 APROX.CON RIBETES TIPO TRENZA,Unidad,11
392774,CASACA DE 100% POLIESTER 80/1 Nm 100 g/m2 CON CIERRE FORRO DE TAFETAN MANGA LARGA CON FORRO DE MALLA  DESMONTABLE SIN CAPUCHA PARA DAMA,Unidad,15
392775,CASACA DE 100% POLIESTER 80/1 Nm 100 g/m2 CON CIERRE FORRO DE TAFETAN MANGA LARGA CON FORRO DE MALLA  DESMONTABLE SIN CAPUCHA PARA CABALLERO,Unidad,72
392776,CHALECO DE 100% POLIESTER 1/1 Nm 140 g/m2 CON CIERRE FORRO DE MALLA SIN CAPUCHA Y CORDON DE AJUSTE AL COSTADO PARA DAMA,Unidad,9
392777,CHALECO DE 100% POLIESTER 1/1 Nm 140 g/m2 CON CIERRE FORRO DE MALLA SIN CAPUCHA Y CORDON DE AJUSTE AL COSTADO PARA CABALLERO,Unidad,39
392778,UNIFORME DE FAENA POLICIAL PARA DAMA,Unidad,12
392779,UNIFORME DE FAENA POLICIAL PARA CABALLERO,Unidad,58
392781,"BOTA TIPO BORCEGUI DE CUERO BOX CALF, SUELA DE CAUCHO, PUNTERA TERMOPLASTICO, MEDIA CAÑA CUELLO ACOLCHADO PARA CABALLERO",Unidad,49
392782,"ZAPATO CON PASADOR DE POLIESTER Y POLIURETANO ALTO BRILLO, SUELA DE POLIURETANO, PUNTERA TERMOPLASTICA PARA DAMA",Unidad,11
392951,"HOJUELA DE AVENA, QUINUA, KIWICHA Y HARINA DE SOYA PRECOCIDA ENRIQUECIDA CON VITAMINAS Y MINERALES",Kilogramo,42
393074,"HOJUELAS PRECOCIDA DE QUINUA, MIJO, KIWICHA HARINA DE TARWI  FORTIFICADAS CON VITAMINAS Y MINERALES.",Kilogramo,28
393192,"HOJUELA PRECOCIDA DE AVENA, QUINUA, KIWICHA, SOYA, MACA Y AJONJOLI FORTIFICADA CON VITAMINAS Y MINERALES",Kilogramo,19
393193,"MEZCLA DE HARINAS EXTRUIDAS DE QUINUA, AVENA, SOYA, MAIZ FORTIFICADA CON VITAMINAS Y MINERALES",Kilogramo,14
394176,"REACTIVOS DE PRUEBAS INMUNOCROMATOGRAFICAS PARA LA DETECCION DE IGM, IGG Y ANTIGENO NS1 DENGUE TIPO CASSETTE",Unidad,5
395244,"MOLINO DE ACERO, PARA GRANOS Y PICADORA DE FORRAJE CAP. 660 KG",Unidad,6
